3.44169137633807e-15,1,1,0,0,1,0,1,0.999999999999997,0,1,0,0,0,1,0,0,0,1,0,0,0,0,0,1,0,0,0,0,1,0,0,0,0,0,0,3.13638004456615e-14,0,1,0,0,0,1,3.88578058618815e-16,0,0,0,1,0,0,0,0,1,0,0,1,0,0.999999999999996,0,0,1,0,0.999999999999843,0,0,0,0,0.999999999999967,3.95239396766566e-14,0,0,0.999999999999917,5.55111512312592e-17,0,0,0,6.32827124036355e-15,0,0,1.66533453693778e-16,0,0,0,0,1,0,0,0,0,5.55111512312592e-17,0,0,0,0.99999999999978,1.11022302462518e-16,0,8.10407296825154e-13,1,0,0,5.55111512312592e-17,1,0,0,0,0.999999999998657,1.11022302462518e-16,0,0,1.11022302462518e-16,0,0,5.55111512312592e-16,1,0,0,0,0,0,0,1,0,0.99999999998225,0.999999267454621,1.11022302462518e-16,0,0.999999999999999,8.06577027390197e-13,0.999999999999999,0.999999996673431,0,0,0,1,0,0,0.999999999999997,0,1.66533453693778e-16,1,0,0,0,1,0.999999999999988,3.55271367880059e-15,0.999999999999999,0,0,0,2.77555756156296e-16,9.85422926591564e-09,8.26429313316467e-08,0,1,0,1,0,1,8.32667268468889e-16
8.02136135291696e-14,1,1,0,0,1,0,1,0.999999999982017,0,1,0,0,0,1,0,0,0,1,0,0,0,0,0,1,0,0,0,0,1,0,0,0,0,0,0,0.999950461210872,0,1,0,0,0,1,1.18793863634895e-14,0,0,0,1,0,0,0,0,1,0,0,1,0,0.999999999999996,0,0,0.999999999999996,0,0.99999999999989,0,0,0,0,0.999999999999987,5.55111512312592e-16,0,0,0.999999999999775,0,0,0,0,8.88178419700148e-15,0,0,1.11022302462518e-16,0,0,0,0,1,0,0,0,0,5.55111512312592e-17,0,0,0,0.99999999999977,0,0,2.2817282779864e-07,0.999999999999997,0,0,1.66533453693778e-16,1,0,0,0,0.999999999999705,0,0,0,1.11022302462518e-16,0,0,1.83186799063155e-15,1,0,0,0,0,0,5.55111512312592e-17,1,0,0.999999999999985,0.999999999952621,0,0,1,1.60982338570652e-15,1,0.999697979371177,0,0,0,1,0,0,0.999999999999593,0,5.55111512312592e-16,0.999999999999995,0,0,0,1,0.999999999999998,1.11022302462518e-16,0.999999999999989,0,0,0,5.55111512312592e-17,0.999999999999363,0.999999999938894,0,0.999999999999999,0,1,0,1,5.49560397189466e-15
4.01095244229054e-06,0.999999999999999,1,0,0,1,0,0.999999999999988,3.38811201316966e-11,0,1,0,0,0,1,0,0,0,1,0,0,0,0,0,1,0,0,0,0,1,0,0,0,0,0,0,0.999999999999996,0,1,0,0,0,1,4.34502455348717e-07,0,0,0,1,0,0,0,0,1,0,0,1,0,0.999999999999997,0,0,0.99999999926044,0,0.999999999999918,0,0,0,0,0.999999999999996,5.55111512312592e-17,0,0,0.999999999996,0,0,0,0,1.29896093881147e-14,0,0,1.11022302462518e-16,0,0,0,0,1,0,0,0,0,1.11022302462518e-16,0,0,0,0.999999999999111,0,0,0.998083055038415,0.999999999964765,0,0,9.99200722162666e-16,1,0,0,0,0.999999999999729,0,0,0,1.66533453693778e-16,0,0,1.04360964314767e-14,1,0,0,0,0,0,3.88578058618815e-16,1,0,0.999999999999999,0.999999999998758,0,0,1,5.55111512312592e-17,1,0.000448388240949016,0,0,0,0.999999999999998,0,0,0.0673107653144799,0,2.55351295663792e-15,0.999999999225653,0,0,0,1,1,0,0.999999999998772,0,0,0,0,0.999999999999999,0.99999999999999,0,0.999999999999985,0,1,0,1,1.03750341651224e-13
0.99999999999399,0.999999999999997,1,0,0,1,0,0.0306320410660093,2.33146835171289e-15,0,1,0,0,0,1,0,0,0,1,0,0,0,0,0,1,0,0,0,0,1,0,0,0,0,0,0,1,0,1,0,0,0,1,0.999999999997474,0,0,0,1,0,0,0,0,1,0,0,1,0,0.999999999999997,0,0,1.71274106008927e-12,0,0.999999999999935,0,0,0,0,0.999999999999999,0,0,0,0.999999992580011,0,0,5.55111512312592e-17,0,2.02060590481784e-14,0,0,1.11022302462518e-16,0,0,0,0,1,0,0,0,5.55111512312592e-17,1.11022302462518e-16,0,0,0,0.999999999949908,0,0,0.999999999272489,6.89481249871466e-11,0,0,6.55031584528859e-15,1,0,0,0,0.999999999999091,0,0,0,1.66533453693778e-16,0,0,3.5310643298204e-13,1,0,0,0,0,0,7.66053886991377e-15,1,0,1,0.9999999999996,0,0,1,0,1,1.00000036029615e-09,0,0,0,0.999999999999868,0,0,1.27287069773277e-13,0,1.79301018476967e-14,4.45260495141053e-12,0,0,5.55111512312592e-17,1,1,0,0.996779265287112,0,0,0,0,1,0.999999999999999,0,0.999999992993007,0,1,0,1,3.17892989709642e-09
0.999999999999997,0.999999999999976,1,0,0,1,0,6.77236045021363e-15,5.55111512312592e-17,0,1,0,0,0,1,0,0,0,1,0,0,0,0,0,1,0,0,0,0,1,0,0,0,0,0,0,0,0,1,0,0,0,1,0.999999999999993,0,0,0,1,0,0,0,0,1,0,0,1,0,0.999999999999997,0,0,1.55431223447526e-15,0,0.999999999999947,0,0,0,0,1,0,0,0,0.966808812657899,0,0,2.77555756156296e-16,0,3.40283357047619e-14,0,0,1.11022302462518e-16,0,0,0,0,1,0,0,0,2.77555756156296e-16,1.11022302462518e-16,0,0,0,0.999998224405666,0,0,0.999999999997912,3.66373598126311e-15,0,0,1.09912079437893e-13,1,0,0,0,0.999999999964169,0,0,0,1.66533453693778e-16,0,0,6.70926484092077e-07,1,0,0,0,0,0,3.17684212269861e-11,1,0,1,0.9999999999995,0,0,1,0,1,9.79438752324338e-13,0,0,0,0.976818989120795,0,0,1.72084568816904e-15,0,7.36133376477729e-13,2.27595720048163e-15,0,0,1.11022302462518e-16,1,1,0,2.21878071471343e-13,0,0,0,0,1,1,0,8.65777449732285e-11,0,1,0,1,0.999614082648593
1,0.99999999999515,1,0,0,1,0,1.11022302462518e-16,0,0,1,0,0,0,1,0,0,0,1,0,0,0,0,0,1,0,0,0,0,1,0,0,0,0,0,0,0,0,1,0,0,0,1,0.999999999999999,0,0,0,1,0,0,0,0,1,0,0,0.999999999999998,0,0.999999999999997,0,0,5.55111512312592e-17,0,0.999999999999956,0,0,0,0,1,0,0,0,5.00167524120089e-07,0,0,2.05391259555659e-15,0,6.35602681597918e-14,0,0,1.11022302462518e-16,0,0,0,0,1,0,0,0,3.21964677141304e-15,1.11022302462518e-16,0,0,0,0.00324255824101152,0,0,0.999999999999712,1.11022302462518e-16,0,0,3.75965203414107e-10,0.999999999999998,0,0,0,0.999999553444487,0,0,0,2.22044604925037e-16,0,0,0.999999724810383,1,0,0,0,0,0,0.999999760051938,1,0,1,0.999999999997025,0,0,1,0,1,4.53526105559388e-14,0,0,0,3.99569266562604e-13,0,0,1.11022302462518e-16,0,4.07588939821412e-08,1.11022302462518e-16,0,0,3.33066907387555e-16,0.999999999999994,1,0,1.72084568816904e-15,0,0,0,0,1,1,0,7.27196081129496e-15,0,1,0,0.999999999999998,0.999999999997431
1,0.987507417791517,1,0,0,0.999999999999366,0,0,0,0,1,0,0,0,1,0,0,0,1,0,0,0,0,0,1,0,0,0,0,1,0,0,0,0,0,0,0,0,1,0,0,0,1,0.999999999999998,0,0,0,1,0,0,0,0,1,0,0,0.99999999997579,0,0.999999999999997,0,0,0,0,0.999999999999963,0,0,0,0,1,0,0,0,1.00415786796762e-11,0,0,3.68594044175561e-14,0,1.41331391034786e-13,0,0,1.11022302462518e-16,0,0,0,0,0.999999999999917,0,0,0,3.25406368517642e-13,1.66533453693778e-16,0,0,0,1.86201165597315e-10,0,0,0.999999999999805,0,0,0,0.0867570452372942,0.999999999991754,0,0,0,0.0431678211398783,0,0,0,2.22044604925037e-16,0,0,0.999999999999687,0.999999999999998,0,0,0,0,0,0.999999999999971,1,0,1,0.999999999532336,0,0,1,0,1,8.93729534823274e-15,0,0,0,2.55351295663792e-15,0,0,0,0,0.920278026417838,0,5.55111512312592e-17,0,1.498801083244e-15,0.999999992417422,1,0,1.11022302462518e-16,0,0,0,0,1,1,0,3.33066907387555e-16,0,1,0,0.999999999992358,0.999999999999981
1,5.17115794629332e-11,1,0,0,4.05087074994991e-12,0,0,0,0,1,0,0,0,1,0,0,0,1,0,0,0,0,0,1,0,0,0,0,1,0,0,0,0,0,0,0,0,1,0,0,0,1,0.999999999999986,0,0,0,1,0,0,0,0,1,0,0,1.97598049034303e-11,0,0.999999999999998,0,0,0,0,0.999999999999968,0,0,0,0,1,0,0,0,1.27176047470815e-13,0,0,1.64540919778137e-09,0,4.33431068813672e-13,0,0,1.66533453693778e-16,0,0,0,0,4.71931882461985e-10,0,0,0,0.330061914211385,1.66533453693778e-16,0,0,0,1.63147273468671e-13,0,0,0.999999999999572,0,0,0,0.999999927703423,2.42028896924046e-10,0,0,0,1.39542094546034e-09,0,0,0,1.66533453693778e-16,0,0,0.99999999999999,0.9999999999978,0,0,0,0,0,0.999999999999999,1,0,1,0.999926615190724,0,0,1,0,1,2.88657986402548e-15,0,0,0,1.66533453693778e-16,0,0,0,0,0.999999982383513,0,1.66533453693778e-16,0,8.65973959207644e-15,1.62547753035373e-12,1,0,0,0,0,0,0,1,1,0,5.55111512312592e-17,0,1,0,1.39401656884534e-10,0.999999999999998
1,1.97619698383283e-14,1,0,0,7.2164496600637e-16,0,0,0,0,1,0,0,0,1,0,0,0,1,0,0,0,0,0,1,0.999969587914954,0,0,0,1,0,0,0,0,0,0,0,0,1,0,0,0,1,0.999999999108531,0,0,0,1,0,0,0,0,1,0,0,2.44249065417541e-15,0,0.999999999999998,0,0,0,0,0.999999999999973,7.23976434358083e-13,0,0,0,1,0,0,0,1.9484414082172e-14,0,0,0.999998406644926,0,2.37398989355603e-12,0,0,1.66533453693778e-16,0,0,0,0,1.38777878078148e-15,0,0,0,0.999999999999595,2.22044604925037e-16,0,0,0,1.25455201782646e-14,0,0,0.999999999993598,0,0,0,0.999999999988484,3.99680288865066e-15,0,0,0,3.8924419243359e-13,0,0,0,1.66533453693778e-16,0,0,0.999999999999998,8.70342442560479e-09,0,0,0,0,0,1,1,0,1,0.000120805447453856,0,0,1,0,1,1.2212453270877e-15,1,5.55111512312592e-17,0,0,0,0,0,0,0.999999999985287,0,1.66533453693778e-15,0,1.31172850359466e-13,1.88737914186281e-15,1,0,0,0,0,0,0,1,1,0,0,0,0.999999999999999,0,3.44169137633807e-15,1
1,1.27675647831896e-15,1,0,0,0,0,0,0,0,1,0,0,0,1,0,0,0,1,0,0,0,0,5.55111512312592e-17,1,0.99999824204209,0,0,0,1,0,0,0,0,0,0,0,0,1,0,0,0,1,5.44735923035958e-11,0,0,0,1,0,0,0,0,1,0,0,1.11022302462518e-16,0,0.999999999999998,0,0,0,0,0.999999999999977,0.99999999999402,0,0,0,1,0,0,0,6.49480469405733e-15,0,0,0.999999999999869,0,3.59244856085193e-11,0,0,2.22044604925037e-16,0,0,0,0,5.55111512312592e-17,0,0,0,0.999999999999997,2.22044604925037e-16,0,0,0,2.77555756156296e-15,0,0,0.999999989856789,0,0,0,0.999999999999469,1.11022302462518e-16,0,0,0,2.05391259555659e-14,0,0,0,1.66533453693778e-16,0,0,1,6.88338275267614e-15,0,0,0,0,0,1,1,0,1,8.65023608298565e-11,0,0,1,0,1,7.77156117237629e-16,1,2.77555756156296e-16,1.66533453693778e-16,0,0,0,0,0,0.999999999998826,0,3.7692071686025e-14,0,1.93396854086819e-10,1.11022302462518e-16,1,0,0,0,0,0,0,1,1,0,0,0,0.99999999999998,0,1.11022302462518e-16,1
1,1.11022302462518e-16,0.999999999999994,0,0,0,0,0,0,0,1,0,0,0,1,0,0,0,1,0,0,0,0,1.13797860024081e-14,1,0.999999999227137,0,0,0,1,0,0,0,0,0,0,0,0,1,0,0,0,1,4.27435864480696e-15,0,0,0,1,0,0,0,0,1,0,0,0,0,0.999999999999998,0,0,0,0,0.99999999999998,0.999999999999999,0,0,0,1,0,0,0,3.10862446895052e-15,0,0,0.999999999999996,0,2.74404338140861e-09,0.999999999999993,0,2.22044604925037e-16,0,0,0,0,0,0,0,0,1,2.22044604925037e-16,0,0,0,8.88178419700148e-16,0,0,0.919816550595765,0,0,0,0.999999999999781,0,0,0,0,4.27435864480696e-15,0,0,0,1.66533453693778e-16,1,0,1,2.22044604925037e-16,0,0,5.55111512312592e-17,0,0,1,1,0,1,2.3142598948312e-13,0,0,1,0,1,7.77156117237629e-16,1,3.10862446895052e-15,2.60902410786918e-15,0,0,0,0,0,0.999999999999336,0,1.25582539367567e-08,0,0.00305619936271114,0,1,0,0,0,0,0,0,1,1,0,0,0,0.99999990067287,0,0,1
1,0,0.999999624259945,0,0,0,0,0,0,0,1,0,0,0,1,0,0,0,1,0,0,0,0,0.999999900910057,1,0.999999999999362,0,0,0,1,0,0,0,0,1.05471187339393e-15,0,0,0,1,0,0,0,1,1.66533453693778e-16,0,0,0,1,0,0,0,0,1,0,0,0,0,0.999999999999998,0,0,0,0,0.999999999999982,1,0,0,0,0.999999999999999,0,0,0,1.88737914186281e-15,0,0,1,0,1.68937289068975e-06,1,0,2.77555756156296e-16,0,0,0,0,0,0,0,0,1,2.77555756156296e-16,0,0,0,3.88578058618815e-16,0,0,5.16163693453655e-08,0,0,0,0.999999999999694,0,0,0,0,1.33226762955022e-15,0,0,0,2.22044604925037e-16,1,0,1,0,5.55111512312592e-17,0,3.66373598126311e-15,0,0,0.999999999999998,0.999999999999992,0,1,2.29816166097413e-14,0,0,0.999999999999999,0,1,1.38777878078148e-15,1,1.30839783452078e-13,4.11337630623631e-13,0,0,2.22044604925037e-16,0,0,0.999999999998562,0,0.999999981293421,0,0.999994117704374,0,1,0,0,0,0,0,5.55111512312592e-17,1,1,0,0,0,1.64738223062959e-11,0,0,1
1,0,1.09190434471887e-13,0,0,0,0,0,0,0,1,0,0,0,1,0,0,0,1,0,0,0,0,0.999999999999999,1,0.999999999999972,0,0,0,1,0,0,0,0,1.42444545048196e-09,0,0,0,1,0,0,0,1,0,0,0,0,1,0,0,0,0,1,0,0,0,0,0.999999999999998,0,0,0,0,0.999999999999984,1,0,0,5.55111512312592e-17,0.999999999999982,0,0,0,1.38777878078148e-15,0,0,1,0,0.007064299018133,1,0,3.33066907387555e-16,0,0,0,0,0,0,0,0,1,3.33066907387555e-16,0,0,0,1.66533453693778e-16,0,0,1.28053123660269e-12,0,0,0,0.999999999998073,0,0,0,0,5.55111512312592e-16,0,0,1.11022302462518e-16,3.33066907387555e-16,1,0,1,0,2.77555756156296e-16,0,0.000156911154116428,0,0,0.999999999999516,0.999999999962733,0,1,6.43929354282607e-15,0,0,0.999999999999977,0,1,5.05151476204459e-15,1,1.33984865761664e-05,0.979873797678451,0,0,4.05231403988192e-15,0,0,0.999999999981151,0,0.999999999999955,0,0.999999999624791,0,1,0,0,0,0,0,1.11022302462518e-16,0.999999999999979,1,0,0,0,5.60662627435718e-15,0,0,1
1,0,5.55111512312592e-16,0,0,0,0,0,0,0,1,0,0,0,1,0,0,0,1,0,0,0,0,1,1,0.999999999999993,0,0,0,1,0,0,0,0,0.999999999999972,0,0,0,1,0,0,0,1,0,0,0,0,1,0,0,0,0,1,0,0,0,0,0.999999999999998,0,0,0,0,0.999999999999985,1,0,0,1.11022302462518e-16,0.999999999994802,0,0,0,1.2212453270877e-15,0,0,1,0,0.985395836172131,1,0,3.88578058618815e-16,0,0,0,0,0,0,0,0,1,3.33066907387555e-16,0,0,0,1.11022302462518e-16,0,0,3.10307335382739e-14,0,0,0,0.99999999965658,0,0,0,0,2.77555756156296e-16,0,0,1.05471187339393e-15,8.32667268468889e-16,1,0,1,0,2.7200464103317e-15,0,0.999999999999985,0,0,1.293572103267e-06,1.75048212036626e-08,0,1,2.66453525910044e-15,0,0,0.999999936904358,0,1,6.04516436908413e-14,1,0.999999999824809,0.999999999999885,0,0,2.76650924391227e-12,0,0,0.999999991906697,0,0.999999999999998,0,0.999999999991655,0,0.999999999999994,0,0,0,0,0,4.44089209850074e-16,0.998906440337716,1,0,0,0,2.77555756156296e-16,0,0,1
1,0,5.55111512312592e-17,0,0,0,0,0,0,0,1,0,0,0,1,0,0,0,1,0,0,0,0,1,1,0.999999999999996,0,0,0,1,0,0,0,0,1,0,0,0,1,0,0,0,1,0,0,0,0,1,3.88578058618815e-16,0,0,0,1,0,0,0,0,0.999999999999998,0,0,0,0,0.999999999999987,1,0,0,7.77156117237629e-16,0.9999999955861,0,0,0,1.2212453270877e-15,0,0,1,0,0.999996291866666,1,0,4.44089209850074e-16,0,0,0,0,5.55111512312592e-17,0,0,0,0.999999999999984,3.88578058618815e-16,0,0,0,1.11022302462518e-16,0,0,5.27355936696963e-15,0,0,0,0.999907483074114,0,0,0,0,1.66533453693778e-16,0,0,2.83661982791735e-14,2.94209101525674e-15,1,0,1,0,7.68274333040628e-14,0,1,0,0,1.23234755733395e-14,1.28230759344209e-14,0,1,1.33226762955022e-15,0,0,3.19543280724596e-11,0,1,1.39788713937609e-09,1,0.999999999999977,0.999999999999998,0,0,0.99998952754437,0,0,0.999478462312076,1,1,0,0.999999999997178,0,0.999999999986381,0,0,0,0,0,2.38697950294415e-15,1.05915276549243e-13,1,0,0,0,5.55111512312592e-17,0,0,1
1,0,0,0,0,0,0,0,0,0,1,0,0,0,1,0,0,0,1,0,0,0,0,1,1,0.999999999999992,0,0,0,1,0,0,0,0,1,0,0,0,1,0,0,5.55111512312592e-17,1,0,0,0,0,1,2.95319324550299e-14,0,0,0,1,0,0,0,0,0.999999999999998,0,0,0,0,0.999999999999988,0.999999999999999,0,0,7.49400541622e-15,0.999999999590233,0,0,0,1.38777878078148e-15,0,0,1,0,0.999999993864464,1,0,4.99600361081333e-16,0,0,0,5.55111512312592e-17,3.05311331771926e-15,0,0,0,0.998311896236924,4.44089209850074e-16,0,0,0,1.11022302462518e-16,0,0,1.498801083244e-15,0,0,0,4.1077394080381e-05,0,0,0,0,1.11022302462518e-16,0,0,1.47254628046771e-07,1.90403248723219e-14,1,0,1,0,2.77137037485449e-07,0,1,0,0,3.33066907387555e-16,4.44089209850074e-16,0,1,7.2164496600637e-16,0,0,6.32827124036355e-15,0,0.999999999999999,0.999991192250673,1,0.999999999999998,1,0,0,0.999999999999961,0,0,0.00145464054360831,1,1,0,0.999999999995189,0,3.27530470689572e-07,0,0,0,0,0,1.88182802673969e-14,9.43689570931407e-16,1,2.77555756156296e-16,0,0,0,0,0,1
1,0,0,0,0,0,0,0,0,0,1,0,0,0,1,0,0,0,1,0,0,0,0,1,1,0.999999999999838,0,0,0,1,0,0,0,0,2.22044604925037e-16,0,0,0,1,0,0,1,1,0,0,0,0,1,0.915442977177762,0,0,0,1,0,0,0,0,0.999999999999998,0,0,0,0,0.999999999999991,0.999999999999941,0,0,5.70654634657345e-14,0.999999999998006,0,0,5.55111512312592e-17,1.60982338570652e-15,0,0,0,0,0.999999999926967,1,0,6.10622663543852e-16,0,0,0,1.11022302462518e-16,1.96805625685142e-08,0,5.55111512312592e-17,0,6.48370246381108e-14,5.55111512312592e-16,0,0,0,1.11022302462518e-16,0,0,5.55111512312592e-16,0,0,0,2.47183939983137e-11,0,0,0,0,1.11022302462518e-16,0,0,0.999999999939102,1.51534340631091e-12,1,0,1,0,0.999999996922619,0,1,0,0,5.55111512312592e-17,5.55111512312592e-17,0,1,3.88578058618815e-16,0,0,2.77555756156296e-16,0,0,0.999999999999791,0.999999999999985,1,1,0,0,0.999999999999999,0,0,2.53842838415792e-08,1,1,0,0.999999999955532,0,2.30371277609726e-14,0,0,0,0,0,1.06348263528846e-12,1,1,1.29340982368834e-14,0,0,0,0,0,1
1,0,0,0,0,0,0,0,0,0,1,0,0,0,1,0,0,0,1,0,0,0,0,1,1,0.999246256998381,0,0,0,1,0,0,0,0,1.27675647831896e-15,0,0,0,1,0,0,1,1,0,0,0,0,1,0.999999999999965,0,0,0,1,0,0,0,0,0.999999999999998,0,0,0,0,0.999999999999994,0.0368121593851867,0,0,1.72422631727902e-11,0.999999999999884,0,0,6.66133814775111e-16,2.05391259555659e-15,0,0,0,0,0.999999999996048,1,0,7.2164496600637e-16,0,0,0,7.77156117237629e-16,0.999999999999686,0,4.99600361081333e-16,0,6.66133814775111e-16,6.66133814775111e-16,0,0,0,1.11022302462518e-16,0,0,2.77555756156296e-16,0,0,0,9.18154441365028e-14,0,0,0,0,1.11022302462518e-16,0,0,0.999999999999991,2.37013063327802e-05,0.999999999999998,0,1,0,0.999999999999962,5.55111512312592e-17,1,0,0,0,0,0,0.999999999999994,2.22044604925037e-16,0,0,5.55111512312592e-17,0,0,0.999999999999995,0.999970770176656,1,1,0,0,1,0,0,1.26752219831164e-10,1,1,0,0.999999996914682,0,7.77156117237629e-16,0,0,0,0,0,2.08849815830364e-07,1,1,0.000225139314455064,0,0,0,0,0,1
1,0,0,0,0,0,0,0,0,0,1,0,0,0,1,0,0,0,1,0,0,0,0,1,1,4.78228567857298e-13,0,0,0,1,0,0,0,0,2.70339306496232e-14,0,0,0,1,0,0,1,1,0,0,0,0,1,0.999999999999999,0,0,0,1,0,0,0,0,0.999999999999998,6.32827124036355e-15,0,0,0,0.999999999999996,2.8699265186561e-14,0,0,0.000237320918926926,0.999999999999943,0,0,0,2.55351295663792e-15,0,0,0,0,0.999999999999395,0.999999999999972,0,8.88178419700148e-16,0,0,0,6.16173778666977e-15,0.999999999999998,0,5.21804821573837e-15,0,5.55111512312592e-17,8.88178419700148e-16,0,0,0,1.11022302462518e-16,0,0,1.66533453693778e-16,0,0,0,1.00475183728579e-14,0,0,0,0,1.11022302462518e-16,0,0,1,0.999999917929266,0.999999999999232,0,1,0,0.999999999999998,1.66533453693778e-16,1,0,0,0,0,0,0.9999999994838,1.66533453693778e-16,1,0,0,0,0,0.999999999999999,1.75415237890779e-13,1,0.999999999999994,0,0,1,0,0,5.15991138705387e-11,1,1,0,0.999998058967916,0,5.55111512312592e-17,0,5.55111512312592e-17,0,0,0,0.996337609043994,1,0.999999999999999,0.999999999999919,0,0,0,0,0,1
1,0,0,0,0,0,0,0,0,0,1,0,0,0,1,0,0,0,1,0,0,0,0,1,1,1.83186799063155e-15,0,0,0,1,0,0,0,0,9.74319334656773e-08,0,0,0,1,0,0,1,1,0,0,0,0,1,1,0,0,0,1,0,0,0,0,0.999999999999998,0.00521075788354122,0,0,0,0.999999999999999,4.99600361081333e-16,0,0,0.999998927705338,0.999999999999706,0,0,0,3.27515792264429e-15,0,0,0,0,0.999999999999833,0.944455305095052,0,1.11022302462518e-15,0,0,0,1.49935619475631e-13,0.999999999999999,0,3.4650060598552e-13,0,0,1.27675647831896e-15,0,0,0,1.11022302462518e-16,0,0,1.11022302462518e-16,0,0,0,2.49800180540667e-15,0,0,0,0,1.66533453693778e-16,0,0,1,0.999999999999622,1.28942870880614e-07,0,1,0,1,6.66133814775111e-16,1,0,0,0,0,0,1.73375758194543e-11,1.66533453693778e-16,1,0,0,0,0,1,1.05471187339393e-15,1,0.999999999591937,0,0,1,0,0,1.69508179714843e-09,1,1,0,0.99800497143937,0,0,0,5.55111512312592e-16,5.55111512312592e-17,0,0,0.999999999260067,1,0.999999999999993,0.999999999999999,0,0,0,0,0,1
1,0,0,0,0,0,0,0,0,0,1,0,0,0,1,0,0,0,1,0,0,0,0,1,1,1.11022302462518e-16,0,0,0,1,0,0,0,0,0.999999999820295,0,0,0,1,0,0,1,1,0,0,0,0,1,0.999999999999999,0,0,0,1,9.99200722162666e-16,0,0,0,0.999999999999998,0.999999999999982,0,0,0,1,5.55111512312592e-17,0,0,0.999999999993197,0.999999977476264,0,0,0,4.10782519111318e-15,0,0,0,0,0.999999999999939,5.290212712339e-14,0,1.38777878078148e-15,0,0,0,3.81520309789006e-09,0.999999999999999,0,0.000497588450767485,0,0,2.27595720048163e-15,1,0,0,1.11022302462518e-16,0,0,1.11022302462518e-16,0,0,0,8.88178419700148e-16,0,0,0,0,1.66533453693778e-16,0,0,1,0.999999999999987,9.04831765069525e-15,0,0.999999999999995,0,1,3.55271367880059e-15,1,0,0,0,0,0,3.44169137633807e-15,1.66533453693778e-16,1,0,0,0,0,1,5.55111512312592e-17,1,4.0797198952448e-11,0,0,0.999999999999969,0,0,0.000713692703521192,1,1,0,0.90541838254395,0,0,0,1.94289029309407e-14,1.94289029309407e-15,0,0,0.999999999999189,1,0.999999999999835,1,0,0,0,0,0,1
1,0,0,0,0,0,0,0,0,0,1,0,0,0,1,0,0,0,1,0,0,0,5.55111512312592e-17,1,0.999999999999999,0,0,0,0,1,0,0,0,0,0.999999999999975,0,0,0,1,0,0,1,0.999999999999998,0,0,0,0,1,0.999999999999995,0,0,0,1,1.80483405998193e-12,0,0,0,0.999999999999998,1,0,0,0,1,0,0,0,0.999999999999884,6.62604010548423e-09,0,0,0,5.10702591327585e-15,0,0,0,0,0.999999999999975,6.66133814775111e-16,0,1.83186799063155e-15,0,0,0,0.921750073622508,0.999999999999985,0,0.999999999961384,0,0,5.05151476204459e-15,1,0,5.55111512312592e-17,1.66533453693778e-16,0,0,1.11022302462518e-16,0,0,0,3.88578058618815e-16,0,0,0,0,2.22044604925037e-16,0,0,1,0.999999999999998,2.77555756156296e-16,0,0.999999999994078,0,1,3.29181126801367e-14,0.999999999999998,0,0,0,0,0,1.66533453693778e-16,3.33066907387555e-16,1,0,0,0,0,1,0,1,4.38538094726948e-15,0,0,0.999047184851075,0,0,0.999999921174211,0.999999999999999,1,0,0.98407505323629,5.55111512312592e-17,0,0,8.56117198244654e-07,1.09109388191089e-11,0,0,0.999999999999946,1,0.999999942330352,1,0,0,0,0,0,0.999999999999999
1,0,0,0,0,0,0,0,0,0,1,0,0,0,1,0,0,0,1,0,0,0,7.32747196252622e-15,1,0.999999999999991,0,0,0,0,1,0,0,0,0,0.999999999999995,0,0,0,1,0,0,1,0.999999999994889,0,0,0,0,1,0.999999999994194,0,0,0,1,0.999999999970016,0,0,0,0.999999999999998,1,0,0,0,1,0,0,0,0.999999999999975,1.5210055437365e-14,0,0,0,6.32827124036355e-15,0,0,0,0,0.99999999999999,5.55111512312592e-17,0,2.38697950294415e-15,0,0,0,0.9999999965604,0.99999974545985,0,0.999999999999983,0,0,1.55986334959838e-14,1,0,6.10622663543852e-16,1.66533453693778e-16,0,0,1.11022302462518e-16,0,0,0,2.22044604925037e-16,0,0,0,0,2.22044604925037e-16,0,0,0.999999999999998,0.999999999999999,0,0,8.68312154400663e-08,0,1,5.34644550853627e-12,0.999999999997728,0,5.55111512312592e-17,0,0,0,0,1.05471187339393e-15,1,5.55111512312592e-17,0,0,0,1,0,1,1.66533453693778e-16,0,0,1.97175609173433e-13,0,0,0.99999999999982,0.99999999999973,1,0,0.999997608938012,3.88578058618815e-16,0,0,0.999999999996861,0.999999999967411,0,0,0.999999999999987,1,8.62130185963505e-07,1,0,0,0,0,0,0.999999999999968
1,0,0,0,0,0,0,0,0,0,1,0,0,0,1,0,0,0,1,0,0,5.55111512312592e-17,0.999982463692954,1,0.99999999976113,0,0,0,0,1,0,0,0,0,0.999999999999995,0,0,0,1,0,0,1,6.18733952961763e-11,0,0,0,0,1,7.95676818876621e-09,0,0,0,1,0.999999999999997,0,0,0,0.999999999999999,1,0,0,0,1,0,0,0,0.999999999999987,4.99600361081333e-16,0,0,0,7.77156117237629e-15,0,0,0,0,0.999999999999996,0,0,3.27515792264429e-15,0,0,0,0.999999999995967,9.9054098257059e-13,0,0.999999999999999,0,0,9.83657599817914e-14,1,0,1.13242748511769e-14,1.66533453693778e-16,0,0,1.11022302462518e-16,0,0,0,1.66533453693778e-16,0,0,0,0,2.22044604925037e-16,0,0,0.999999999998992,1,0,0,1.26010313294958e-14,0,1,1.33680063217904e-05,7.92735488364136e-10,0,2.77555756156296e-16,0,0,0,0,5.10702591327585e-15,1,2.22044604925037e-16,0,0,0,1,0,1,0,0,0,1.44328993201274e-15,0,0,0.999999999999995,6.26142918641619e-06,1,0,0.99999999997403,8.82627304577022e-15,0,0,0.999999999999996,0.999999999999997,5.55111512312592e-17,0,0.999999999999995,0.999999999999979,2.09277040141847e-13,1,0,0,0,0,0,0.999996183244019
1,0,0,0,0,0,0,0,0,0,1,0,0,0,1,0,0,0,1,0,0,1.38777878078148e-15,1,1,7.36173233484313e-10,0,0,0,0,1,0,0,0,0,0.999999999999946,0,0,0,1,0,0,1,2.49800180540667e-15,0,0,0,0,1,7.32747196252622e-15,0,0,0,1,1,0,0,0,0.999999999999999,1,0,0,0,1,0,0,0,0.999999999999988,5.55111512312592e-17,0,0,0,9.54791801177659e-15,0,0,0,0,0.999999999999999,0,0,4.55191440096326e-15,0,0,0,0.999999999999539,2.05391259555659e-15,0,1,0,0,6.31233953996018e-12,1,0,1.35925937172491e-10,2.22044604925037e-16,0,0,1.11022302462518e-16,0,0,0,1.11022302462518e-16,0,0,0,0,2.22044604925037e-16,0,0,3.24620555991481e-08,1,0,0,3.88578058618815e-16,0,1,0.999921512314077,4.16333634234444e-15,0,3.94129173741941e-15,0,0,0,0,8.25450818808825e-14,1,1.99840144432533e-15,0,0,0,1,0,1,0,0,0,1.11022302462518e-16,0,0,0.999999999999999,1.26565424807271e-14,1,0,0.999999999999944,5.90083037987925e-10,0,0,1,1,2.22044604925037e-16,0,0.999999999999998,0.967249662050285,0,1,0,0,0,0,0,3.37008199124975e-12
1,0,0,0,0,0,0,0,0,0,1,0,0,0,1,0,0,0,1,0,0,2.73259193050997e-11,1,1,8.21565038222637e-15,0,0,0,0,1,0,0,0,0,0.999998796741098,0,0,0,1,0,3.33066907387555e-16,1,5.55111512312592e-17,0,0,0,0,1,2.22044604925037e-16,0,0,0,1,1,0,0,0,0.999999999999999,0.999999999999999,0,0,0,1,0,0,0,0.99999999999998,0,0,0,0,1.16573417585644e-14,0,0,0,0,1,0,0,6.55031584528859e-15,0,0,0,0.999999999999671,1.11022302462518e-16,0,1,0,0,2.37158817639755e-07,1,0,0.999999931956062,2.22044604925037e-16,0,0,1.66533453693778e-16,0,0,0,1.11022302462518e-16,0,0,0,0,2.22044604925037e-16,0,0,7.54951656745126e-15,1,0,1.11022302462518e-16,5.55111512312592e-17,0,1,0.999999999731549,1.11022302462518e-16,0,1.07608366661796e-12,0,0,0,0,6.20543688656399e-09,0.999999999999994,4.32431868091509e-14,0,0,0,1,0,1,0,0,0,0,0,0,1,2.77555756156296e-16,1,0,0.999999999999996,0.999999999556767,0,0,1,1,3.33066907387555e-15,0,0.999999999999999,4.07451850037443e-14,0,1,0,0,0,0,0,4.16333634234444e-15
1,0,0,0,0,0,0,0,0,0,1,0,0,0,1,0,0,0,1,0,0,0.99999999999964,1,1,3.33066907387555e-16,0,0,0,0,1,0,0,0,0,2.32341923478436e-12,0,0,0,1,0,2.43749465056459e-13,1,0,0,0,0,0,1,0,0,0,0,1,1,0,0,0,0.999999999999999,0.999999999999883,0,0,0,1,0,0,0,0.99999999999994,0,0,0,0,1.43773881688961e-14,0,0,0,0,1,0,0,1.02140518265517e-14,0,0,0,0.999999999999074,0,0,1,0,0,0.9448050419232,1,0,0.999999999999974,2.22044604925037e-16,0,0,1.66533453693778e-16,0,0,0,1.11022302462518e-16,0,0,0,5.55111512312592e-17,2.22044604925037e-16,0,0,2.22044604925037e-16,1,0,6.10622663543852e-16,0,0,1,0.999999999998005,0,0,0.99773994543031,0,0,0,0,0.999997082101822,0.999999998876371,9.63431551204177e-09,0,0,0,1,0,1,0,0,0,0,0,0,1,0,1,0,1,0.99999999999999,0,0,1,1,4.28324042900396e-13,0,1,4.99600361081333e-16,0,1,0,0,0,0,0,2.22044604925037e-16
1,0,0,0,0,0,0,0,0,0,1,0,0,0,1,0,0,0,1,0,0,1,1,1,5.55111512312592e-17,0,0,0,0,1,0,0,0,5.55111512312592e-17,2.60902410786918e-15,0,0,0,1,0,0.999999999994601,1,0,0,0,0,0,1,0,0,0,0,1,0.999999999999998,0,0,0,1,0.000496483149997797,0,0,0,1,0,0,0,0.999999999999292,0,0,0,0,1.7985612998928e-14,0,0,0,0,1,0,0,1.8207657603853e-14,0,0,0,0.999999999973217,0,0,1,0,0,0.999999993704084,0.999999999999999,0,0.999999999999999,2.77555756156296e-16,0,0,1.66533453693778e-16,0,0,0,1.11022302462518e-16,0,0,0,5.55111512312592e-16,2.22044604925037e-16,0,0,0,1,0,7.04991620636992e-15,0,0,1,0.999999999999609,0,0,0.999999999999898,0,0,0,0,0.999999999999785,5.58514345883069e-12,0.999999926647314,0,0,0,1,0,1,0,0,0,0,0,0,1,0,1,0,1,1,0,0,1,1,0.529468449276382,0,1,5.55111512312592e-17,0,1,0,0,0,0,0,0
1,0,0,0,0,0,0,0,0,0,1,0,0,0,1,0,0,0,1,0,0,1,1,1,0,0,0,0,0,1,0,0,0,1,1.11022302462518e-16,0,0,0,1,0,0.999999999999999,1,0,0,0,0,0,1,0,0,0,0,1,0.999999999999584,0,0,0,1,1.93733917797095e-14,0,0,0,1,0,0,0,0.99999999967517,0,0,0,0,2.29261054585101e-14,0,0,0,0,1,0,0,4.13558076672881e-14,0,0,0,0.999999824277426,0,0,1,0,0,0.999999999998328,0.999999999999956,0,1,2.77555756156296e-16,0,0,2.22044604925037e-16,0,0,0,1.11022302462518e-16,0,0,0,9.49240686054533e-15,2.22044604925037e-16,1,0,0,1,0,1.09473541343166e-12,0,0,1,0.99999999999966,0,0,0.999999999999998,0,0,0,0,0.999999999999994,2.49800180540667e-15,0.999999999999934,0,0,0,1,0,1,0,0,0,0,0,0,1,0,1,0,1,1,0,0,0,1,0.999999999999486,0,1,0,5.55111512312592e-17,0.999999999999999,0,0,0,0,0,0
1,0,0,0,0,0,0,0,0,0,1,0,0,0,1,0,0,0,1,0,0,1,1,1,0,0,0,0,0,1,0,0,0,1,0,0,0,0,1,0,1,1,0,0,0,0,0,1,0,0,0,0,1,2.40644916510441e-06,0,0,0,1,3.88578058618815e-16,0,0,0,1,0,0,0,0.99989681731083,0,0,0,0,3.00870439673425e-14,0,0,0,0,1,0,0,1.53987933515513e-13,0,0,0,0.147363017770722,0,0,1,0,0,0.999999999999939,0.209139118296621,0,1,3.33066907387555e-16,0,0,2.22044604925037e-16,0,0,0,1.66533453693778e-16,0,0,0,6.1718963273451e-11,2.77555756156296e-16,1,0,0,1,0,0.0904746178189084,0,0,1,0.999999999998914,0,0,1,0,0,0,0,0.999999999999999,1.11022302462518e-16,0.999999999999997,0,0,0,0.999999999999998,0,1,0,0,0,0,0,0,1,0,0.999999999999999,0,1,1,0,0,0,1,0.999999999999996,0,1,0,1.66533453693778e-16,0.999999999999962,0,0,0,0,0,0
1,0,0,0,0,0,0,0,0,0,1,0,0,0,1,0,0,0,1,0,0,1,0.99999999999999,1,0,0,0,0,0,1,0,0,0,1,0,0,0,0,1,0,0,1,0,0,0,0,0,1,0,0,0,0,1,1.2212453270877e-14,0,0,0,1,5.55111512312592e-17,0,0,1.11022302462518e-16,0.999999999999999,0,0,0,0.00080912894828835,0,0,0,0,4.13558076672881e-14,0,0,0,0,1,0,0,1.70730096726861e-12,0.999999999998495,0,0,2.59290183768364e-09,0,0,1,0,0,0.999999999999988,3.32511795875243e-14,0,1,3.33066907387555e-16,0,0,2.22044604925037e-16,0,0,0,1.66533453693778e-16,0,0,0,0.999999844689725,5.55111512312592e-16,1,0,0,1,0,0.999999999995449,0,0,1,0.999999999963999,0,0,0.999999999999999,0,0,0,0,1,0,1,0,0,0,0.99999999999995,0,1,0,0,0,0,0,0,1,0,0.999999999999992,0,1,4.85087525703433e-11,0,0,0,1,1,0,1,0,9.43689570931407e-16,0.79246673701453,0,0,0,0,0,0
1,0,0,0,0,0,0,0,0,0,1,0,0,0,1,0,0,0,1,0,0,1,0.879715924038835,1,0,0,0,0,0,1,0,0,0,1,0,0,0,0,1,0,0,1,0,0,0,0,0,1,0,0,0,0,1,3.33066907387555e-16,0,0,0,1,0,0,0,5.55111512312592e-16,0.999999999999999,0,0,0,4.26183083268594e-09,0,0,0,0,6.06736882957663e-14,0,0,0,0,1,0,0,1.8491375097796e-10,0.999999999999999,0,0,3.9807046547936e-13,0,0,1,0,0,0.999999999999996,4.99600361081333e-16,0,0.999999999999999,3.88578058618815e-16,0,0,2.22044604925037e-16,0,0,0,2.22044604925037e-16,0,0,5.55111512312592e-17,0.999999999999972,1.44328993201274e-15,1,0,0,1,0,0.999999999999989,0,0,1,0.999999764153416,0,0,0.999999999999971,0,0,0,0,1,0,1,0,0,0,0.999973291991244,0,0.999999999999998,0,5.55111512312592e-17,0,0,5.55111512312592e-17,0,1,0,0.99999999999941,0,1,5.16253706450711e-15,0,0,0,1,1,0,1,0,6.43929354282607e-15,5.42343947529403e-14,0,0,0,0,0,0
1,0,0,0,0,0,0,0,0,0,1,0,0,0,1,0,0,0,1,0,0,0,1.24344978758021e-14,1,0,0,0,0,0,1,0,0,0,1,0,0,0,0,1,0,0,1,0,0,0,0,1,1,0,0,0,0,1,0,0,0,0,1,0,0,0,1.16289003144757e-05,0.999999999999998,0,0,0,7.74613706511238e-12,0,0,5.55111512312592e-17,0,9.75330927133225e-14,0,0,0,0,0.999999999999976,0,0,7.60380684250458e-07,1,0,0,1.80966353013905e-14,0,0,1,0,0,0.999999999999999,5.55111512312592e-17,0,0.999999999999885,4.44089209850074e-16,0,0,2.77555756156296e-16,0,0,0,2.22044604925037e-16,0,0,2.77555756156296e-16,0.999999999999999,5.55111512312592e-15,1,0,0,1,0,0.999999999999999,0,0,0,0.173316439215571,0,0,0.986349093394938,0,0,0,0,1,0,1,0,0,1.11022302462518e-16,2.37176944750678e-12,0,0,0,7.77156117237629e-16,0,0,2.33146835171289e-15,0,1,0,0,0,1,2.22044604925037e-16,0,0,5.55111512312592e-17,1,1,0,1,0,1.26842980563427e-13,1.94289029309407e-15,0,0,0,0,0,0
1,0,0,0,0,0,0,0,0,0,1,0,0,0,1,0,0,0,1,0,0,0,1.66533453693778e-16,1,0,0,0,0,0,1,0,0,0,0.999999999999998,0,0,0,0,1,0,0,1,0,0,0,0,1,1,0,0,0,0,1,0,0,0,0,1,0,0,0,0.999857133706437,0.999999999999998,0,0,0,4.25048884977752e-13,0,0,3.33066907387555e-16,0,1.79134485023274e-13,0,0,0,0,0.000177905149392037,0,0,0.0965460147544523,1,0,0,3.38618022510681e-15,0,0,1,0,0,1,0,0,4.19168730446684e-05,5.55111512312592e-16,0,0,2.77555756156296e-16,0,0,0,2.22044604925037e-16,0,0,3.71924713249437e-15,1,4.6684878185489e-14,1,0,0,0.999999999999995,0,1,0,0,0,4.67408634019518e-09,0,0,7.79931674799192e-14,0,2.22044604925037e-16,0,0,1,0,1,0,0,1.05471187339393e-15,3.99680288865066e-15,0,0,0,6.25166585166442e-13,0,0,3.83497900102735e-10,0,1,0,0,0,1,0,0,0,1.11022302462518e-16,0.999999999999987,1,0,1,0,1.9630851388897e-09,1.11022302462518e-16,0,0,0,0,0,0
1,0,0,0,0,0,0,0,0,0,1,0,0,0,1,0,0,0,1,0,0,0,0,1,0,0,0,0,0,1,0,0,1.66533453693778e-16,0.99999999989765,0,0,0,0,1,0,0,1,0,0,0,0,1,1,0,0,0,0,1,0,0,0,0,1,0,0,0,0.999999999926232,0.999999999999998,0,0,0,1.05970787700474e-13,0,0,2.60902410786918e-15,0,3.97071264757197e-13,0,0,0,0,1.19348975147207e-14,0,0,0.999959679336726,1,0,0,9.99200722162666e-16,0,0,1,0,0,1,0,0,1.27120536319584e-14,8.88178419700148e-16,1,0,2.77555756156296e-16,0,0,1.11022302462518e-16,2.22044604925037e-16,0,0,6.3654637116885e-13,1,1.59492974383117e-11,1,0,0,0.999999999993293,0,1,0,0,0,5.995204332976e-13,0,0,8.32667268468889e-16,0,5.32351940307776e-14,0,0,1,0,1,0,0,3.54716256367746e-14,2.22044604925037e-16,0,0,0,0.999999999895087,0,0,0.999999999999424,0,1,0,0,0,1,0,0,0,4.99600361081333e-16,0.99999149903038,1,0,1,0,0.972259993726074,0,0,0,0,0,0,0
1,0,0,0,0,0,0,0,0,0,1,0,0,0,1,0,0,1.66533453693778e-16,1,0,0,0,0,1,0,0,0,0,0,1,0,0,1.3489209749196e-14,4.07673894642368e-13,0,0,0,0,1,0,0,1,0,0,0,0,1,1,0,0,0,0,1,0,0,0,0,1,0,0,0,0.999999999999797,0.99999999999999,0,0,0,5.20694598549212e-14,0,0,5.3956838996784e-14,0,1.12693188114579e-12,0,0,0,0,5.55111512312592e-16,0,0,0.999999996478247,1,0,0,3.88578058618815e-16,0,0,0.999999999999995,0,0,1,0,0,2.77555756156296e-16,1.72084568816904e-15,1,0,2.77555756156296e-16,0,0,1.498801083244e-15,2.22044604925037e-16,0,0,0.962757250666872,1,0.00143075642458366,0.999999999999999,0,0,4.48665165575524e-08,0,1,0,0,0,2.40363284831352e-14,0,0,5.55111512312592e-17,0,0.999999985507455,0,0,1,0,1,0,0,3.35512409688219e-06,0,0,0,0,0.999999999999998,0,0,0.999999999999999,0,0.999999999999996,0,0,0,1,0,0,0,2.44249065417541e-15,2.35256258918077e-13,1,0,1,0,0.999999999888258,0,0,0,0,0,0,0
1,0,0,0,0,0,0,0,0,0,1,0,0,0,1,0,0,7.88258347483881e-15,1,0,0,0,0,1,0,0,0,0,0,1,0,0,0.996770720599034,6.10622663543852e-16,0,0,0,0,1,0,0,1,0,0,0,0,1,1,0,0,0,1.11022302462518e-16,1,0,0,0,0,1,0,0,0,0.999999999999979,0.999999999998457,0,0,0,3.68038932663249e-14,0,0,8.24929780041138e-09,0,4.47619719068382e-12,0,0,0,0,1.66533453693778e-16,0,0,0.99999999998835,1,0,0,1.66533453693778e-16,0,0,0.999999997065201,0,0,1,0,0,0,4.38538094726948e-15,1,0,3.33066907387555e-16,0,0,5.37903055430902e-14,2.22044604925037e-16,0,0,0.999999999999829,0.999999999999999,0.999999980915751,0.999999999999665,0,0,1.12687636999456e-14,0,1,0,0,0,4.71844785465703e-15,0,0,0,0,0.999999999999998,0,0,1,0,1,0,0,0.99999999999262,0,0,0,0,1,0,0,1,0,0.999999999998687,0,0,0,1,0,0,0,1.71529457304591e-14,1.2212453270877e-15,1,0,1,0,0.999999999999882,0,0,0,0,0,0,0
1,0,0,0,0,0,0,0,0,0,1,0,0,0,1,0,0,0.00406936923958855,1,0,0,0,0,1,0,0,0,0,0,1,0,0,0.999999999999996,0,0,0,0,0,1,0,0,1,0,0,0,0,1,0.999999999999994,0,0,0,9.21485110438903e-15,1,0,0,0,0,1,0,0,0,0.999999999999994,0.000338255792174844,0,0,0,3.30846461338305e-14,0,0,0.99999960123495,0,2.73266409500657e-11,0,0,0,0,2.22044604925037e-16,0,0,0.999999999999484,1,0,0,1.11022302462518e-16,0,0,1.18949294858342e-12,0,0,1,0,0,0,1.63757896132215e-14,1,0,4.44089209850074e-16,0,0,1.22266019229603e-05,2.22044604925037e-16,0,0,0.999999999999998,0.999999999999958,0.999999999999605,2.18286894854153e-06,0,0,3.33066907387555e-16,0,1,0,0,0,1.498801083244e-15,0,0,0,0,1,0,0,1,0,1,1.11022302462518e-16,0,0.999999999999994,0,0,0,0,1,0,0,1,0,0.000427104405157985,0,0,0,0.999999999999995,0,0,0,6.1101124160247e-13,5.55111512312592e-17,1,0,1,0,0.999999999999989,0,0,0,0,0,0,0
1,0,0,0,0,0,0,0,0,0,1,0,0,0,1,0,0,0.999999999999986,1,0.999999999999998,0,0,0,1,0,0,0,0,0,1,0,0,1,0,0,0,0,0,1,0,0,1,0,0,0,0,1,0.999999772760223,0,0,0,0.982100924724461,1,0,0,0,0,1,0,0,0,0.999999999999997,3.06976666308864e-14,0,0,1.66533453693778e-16,3.58602036953935e-14,0,0,0.999999999999885,0,2.72255828992492e-10,0,0,0,5.55111512312592e-17,1.498801083244e-15,0,0,0.999999999999913,1,0,0,5.55111512312592e-17,0,0,1.55431223447526e-15,0,0,1,0,0,0,1.63702384980983e-13,1,0,7.77156117237629e-16,1,0,0.999999999992325,2.22044604925037e-16,0,0,1,0.256482638841026,0.999999999999984,1.1768364061027e-14,0,0,0,0,1,0,0,0,6.66133814775111e-16,0,0,0,0,1,0,0,1,0,1,5.88418203051348e-15,0,1,0,0,0,0,1,0,0,1,0,6.04516436908413e-14,0,0,0,0.999999999995802,0,0,0,1.23335842094899e-08,0,1,0,0.999999999999991,0,0.999999999999998,0.0146680965718747,0,1.11022302462518e-16,0,0,0,0
1,0,0,0,0,0,0,0,0,0,1,0,0,0,1,0,0,1,1,0.999999999999997,0,0,0,1,0,0,0,0,0,1,0,0,1,0,0,0,0,0,1,0,0,1,0,0,0,0,1,1.41775480244636e-13,0,0,0,0.999999999999995,1,0,0,0,1.11022302462518e-16,1,0,0,0,0.999999999999998,5.55111512312592e-16,0,0,6.10622663543852e-15,4.54081217071701e-14,0,0,0.999999999999996,0,4.72354344527316e-09,0,0,0,2.22044604925037e-16,4.60742555219452e-14,0,0,0.999999999999973,0.999999999999971,0,0,5.55111512312592e-17,0,0,5.55111512312592e-17,1.11022302462518e-16,0,1,0,0,0,6.96588897675116e-11,1,0,1.83186799063155e-15,1,0,0.999999999999994,2.77555756156296e-16,0,0,1,3.43058914609182e-14,0.999999999999997,2.77555756156296e-16,0,0,0,0,1,4.99600361081333e-16,0,0,3.88578058618815e-16,0,0,0,0,1,0,0,1,0,1,0.00037392853217134,0,1,0,0,0,0,1,0,0,1,0,1.27675647831896e-15,0,5.55111512312592e-17,0,7.7225118390036e-06,0,0,0,0.344560763242519,1,1,0,0.999999999815105,0,0.999999999999999,0.999999999999795,0,1.33226762955022e-15,0,0,0,0
1,0,0,0,0,0,0,0,0,0,1,0,0,0,1,0,0,1,1,0.999999999999997,0,0,0,1,0,0,0,0,0,1,0,0,0,0,0,0,0,0,1,0,0,1,0,0,0,0,1,6.10622663543852e-16,0,0,0,0.999999999999999,1,0,0,0,0.999999999999469,1,0,0,0,0.999999999999998,5.55111512312592e-17,0,0,0,6.50035580918046e-14,0,0,1,0,1.58006252803937e-07,0,0,0,1.27675647831896e-15,3.70370402935647e-06,0,0,0.99999999999999,0.917324561916475,0,0,5.55111512312592e-17,0,0,0,9.43689570931407e-16,0,1,0,0,0,0.000332187560941008,1,0,5.77315972805096e-15,1,0,1,4.44089209850074e-16,1,0,0.999999999999992,5.55111512312592e-16,0.999999999999999,0,0,0,0,0,1,8.69415650583982e-13,0,0,2.77555756156296e-16,0,0,0,5.55111512312592e-17,1,0,0,0.999999999999999,0,1,0.999999999999977,0,0.999999999999973,0,0,0,0,1,0,0,1,0,1.11022302462518e-16,0,2.77555756156296e-16,0,3.50830475781558e-14,0,0,0,0.99999952551016,1,1,0,3.15566034414524e-09,0,1,0.999999999999998,0,6.22280005302416e-14,0,0,0,0
1,0,0,0,0,0,0,0,0,0,1,0,0,0,1,0,0,1,1,0.999999999999998,0,0,0,1,0,0,0,0,0,1,0,0,0,0,0,0,0,0,1,0,0,1,0,0,0,0,1,5.55111512312592e-17,0,0,0,0.999999999999999,1,0,0,0,0.999999999999966,1,0,0,0,0.999999999999998,0,0,0,0,1.0313971898768e-13,0,0,1,0,1.11858289911229e-05,0,0,0,1.07691633388643e-14,0.999999999776242,0,0,0.999999999999996,4.95159468982832e-14,0,0,5.55111512312592e-17,0,0,0,2.08721928629535e-14,0,1,0,0,0,0.999996793833723,0.999999999999999,0,3.16413562018178e-14,1,0,1,9.43689570931407e-16,1,0,0.999999841263661,5.55111512312592e-17,1,0,0,0,0,0,1,0.999999999998496,0,0,2.77555756156296e-16,0,0,0,1.11022302462518e-16,1,0,0,0.999999999999988,0,1,1,0,0.998804867177789,0,0,0,5.55111512312592e-17,1,0,0,1,0,0,0,6.05071548420726e-15,0,9.43689570931407e-16,0,0,0,0.999999999853322,1,1,0,1.2212453270877e-14,0,1,1,0,0.000542679997403164,0,0,0,0
1,0,0,0,0,0,0,0,0,0,1,0,0,0,1,0,0,1,1,0.999999999999999,0,0,0,1,0,0,0,0,0,1,0,0,0,0,0,0,0,0,1,0,0,1,0,0,0,0,1,0,0,0,0,1,1,0,0,0,0.999999999999992,1,0,0,0,0.999999999999996,0,0,0,0,1.78690395813423e-13,0,0,1,0,0.0017497233237143,0,0,0,5.19029264012274e-13,0.999999999999885,0,0,0.999999999999998,6.10622663543852e-16,0,0,1.11022302462518e-16,0,0,0,5.35607413976194e-09,0,1,0,0,0,0.999999999989883,0.999999999999938,0,1.26204602324268e-12,1,0,0.999999999999998,2.66453525910044e-15,1,0,4.78506123613455e-13,0,1,0,0,0,0,0,1,0.999999999999999,0,0,2.22044604925037e-16,0,0,0,4.44089209850074e-16,1,0,0,0.999999999332114,0,1,1,0,1.42996725571724e-13,0,0,0,1.11022302462518e-16,1,0,5.55111512312592e-17,1,0,0,0,3.18904902485437e-11,0,5.55111512312592e-17,0,0,0,0.999999999997068,1,1,0,4.99600361081333e-16,0,1,1,0,0.999999999998848,0,0,0,0
1,0,0,0,0,0,0,0,0,0,1,0,0,0,1,0,0,1,1,0.999999999999999,0,0,0,1,0,0,0,0,0,1,0,0,0,0,0,0,0,0,1,0,0,1,0,0,0,5.55111512312592e-17,1,0,0,0,0,1,1,0,0,0,0.999999999999997,0.999999999999999,0,0,0,0.999999999999992,0,0,0,0,3.35953487251581e-13,0,0,1,0,0.34915096302474,0,0,0,2.29526428696675e-07,0.999999999999915,0,0,0.999999999999999,5.55111512312592e-17,0,5.55111512312592e-17,1.11022302462518e-16,0,0,0,0.999999998243293,0,0.999999999999994,0,0,0,0.999999999999913,0.0166267872626633,0,9.23308513534084e-08,1,0,0.999999999992161,1.17128529097957e-14,1,0,1.38777878078148e-15,0,1,0,0,0,0,0,1,1,0,0,2.22044604925037e-16,0,0,0,2.10942374678785e-15,1,0,0,8.2381129695721e-10,0,1,1,0,1.16573417585644e-15,0,0,0,3.33066907387555e-16,1,0,2.22044604925037e-16,1,0,0,0,0.999999971156569,0,0,0,0,0,0.999999999999594,1,1,5.55111512312592e-17,5.55111512312592e-17,0,1,1,0,0.999999999999996,0,0,0,0
1,0,0,0,0,0,0,0,0,0,1,0,0,0,1,0,0,1,1,0.999999999999999,0,0,0,1,0,0,0,0,0,1,0,0,0,0,0,0,0,0,1,0.999999999999999,0,1,0,0,0,1.72084568816904e-15,1,0,0,0,0,1,0.999999999999999,0,0,0,0.999999999999999,0.999999999999989,0,0,0,0.99999999999997,0,0,0,0,6.83231249354339e-13,0,0,1,0,0.995323047051368,0.999999999999303,0,0,0.999481988677887,0.999999999987866,0,0,1,0,0,2.77555756156296e-16,1.11022302462518e-16,0,0,0,0,0,0.999956095829475,0,0,0,0.999999999999988,2.57571741713043e-14,0,0.996112525701214,1,0,1.99614158535871e-10,1.61037849721883e-13,1,0,5.55111512312592e-17,0,1,0,0,0,0,0,0,1,0,0,1.66533453693778e-16,0,0,0,1.4765966227515e-14,0.999999999999998,0,0,9.65894031423911e-15,0,0,1,0,5.55111512312592e-17,0,0,0,1.38777878078148e-15,0.999999999999997,0,8.32667268468889e-16,0.999999999999996,0,0,0,0.999999999999982,0,0,0,0,0,0.999999999999872,1,1,4.44089209850074e-16,0,0,1,2.30371277609726e-14,0,1,0,0,0,0
1,0,0,0,0,0,0,0,0,0,1,0,0,0,1,0,0,1,1,0.999999999999998,0,0,0,1,0,0,0,0,0,1,0,0,0,0,0,0,0,0,1,1,0,1,0,0,0,1.44755449293935e-08,1,0,0,0,0,1,0.999999999999897,0,0,0,1,0.999999978124249,0,0,0,0.999999999999752,0,0,0,0,1.50029988432724e-12,0,0,1,0,0.999984141774892,0.999999999999999,0,0,0.999999999740778,0.00280116440070301,0,0,1,0,0,3.60822483003185e-15,1.11022302462518e-16,0,0,0,0,0,1.92068583260157e-14,0,0,0,0.999999999999997,4.44089209850074e-16,0,0.999999999874867,1,0,3.83026943495689e-15,4.56301219031741e-10,1,0,0,0,1,0,5.55111512312592e-17,0,0,0,5.55111512312592e-17,1,0,0,1.66533453693778e-16,0,0,0,5.25746113311256e-13,0.999999999997218,0,0,3.88578058618815e-16,0,0,1,0,0,0,0,0,7.99360577730133e-15,0.999999999961994,0,4.38538094726948e-15,0.999999999861234,0,0,0,0.999999999999999,0,0,0,0,0,0.999999999999947,0.999999999999995,0.999999999999999,8.60422844084518e-15,0,0,1,7.77156117237629e-16,5.55111512312592e-17,1,0,1.11022302462518e-16,0,0
1,0,0,0,0,0,0,0,0,0,1,0,0,0,1,0,0,1,1,0.999999999999978,0,0,0,1,0,0,0,0,0,1,0,0,0,0,0,0,0,0,1,1,0,1,0,0,0,0.999999999999969,1,0,0,0,0,1,1.22181736813002e-05,0,0,0,1,1.11222142606951e-12,0,0,0,0.999999999986731,0,0,0,0,3.54050122552971e-12,0,0,1,0,0.999999887792603,1,0,0,0.999999999998575,7.01105840050804e-14,0,5.55111512312592e-17,1,0,0,3.5532687903129e-13,1.66533453693778e-16,0,0,0,0,0,1.66533453693778e-16,0,0,0,0.999999999999999,5.55111512312592e-17,0,0.999999999999845,0.999999999999999,0,1.11022302462518e-16,0.263398683625118,1,0,0,0,1,0,1.66533453693778e-16,0,0,0,2.22044604925037e-16,1,0,0,1.11022302462518e-16,0,0,0,2.68177820506039e-08,5.72279168498128e-10,0,0,5.55111512312592e-17,0,5.55111512312592e-17,1,0,0,0,0,1.11022302462518e-16,1.13187237360538e-13,3.26287885599194e-11,0,4.00235400377379e-14,1.23133170326642e-11,0,0,0,1,0,0,0,0,0,0.999999999999978,0.999999998810784,0.999999999999996,4.87708762264573e-11,0,0,1,5.55111512312592e-17,4.99600361081333e-16,1,0,1.99840144432533e-15,0,0
1,0,0,0,0,0,0,0,0,0,1,0,0,5.55111512312592e-17,1,0,0,1,1,0.999999988301576,0,0,0,1,0,0,0,0,0,1,0,0,0,0,0,0,0,0,1,1,0,1,0,0,0,1,1,0,0,0,0,1,7.99360577730133e-15,0,0,0,1,1.44328993201274e-15,0,0,0,0.999999989698356,0,0,0,0,8.86757334228627e-12,0,0,1,0,0.999999997842551,1,0,0,0.999999999999696,1.05471187339393e-15,0,1.66533453693778e-16,1,0,0,0.0692399799898155,1.66533453693778e-16,0,0,0,0,0,0,0,0,0,1,0,0,0.999999999999987,0.999999999999902,0,0,0.999999997857767,1,0,0,0,1,0,1.38777878078148e-15,0,0,0,1.05471187339393e-15,1,0,0,1.11022302462518e-16,0,0,0,0.94311962044031,4.05231403988192e-15,0,0,0,0,1.66533453693778e-16,1,0,0,0,0,1.66533453693778e-15,1.6373741251741e-10,3.05311331771926e-15,0,6.99973412565686e-12,2.66453525910044e-15,0,0,0,1,0,0,0,0,0,0.999999999999991,2.65870658822116e-12,0.999999999999925,0.999999714354605,0,0,1,0,4.12447853648256e-14,1,0,1.9750867608082e-13,0,0
1,0,0,0,0,0,0,0,0,0,1,0,0,3.83026943495689e-15,1,0,0,1,1,1.45586875888174e-11,0,0,0,1,0,0,0,0,0,1,0,0,0,0,0,0,0,0,1,1,0,1,0,0,0,0,1,0,0,0,0,1,1.66533453693778e-16,0,0,0,1,5.55111512312592e-17,0,0,0,0.999964127275606,0,0,0,0,2.28671526159025e-11,0,0,1,0,0.999999999884969,1,0,0,0.99999999999968,5.55111512312592e-17,0,1.38777878078148e-15,1,0,0,1,2.22044604925037e-16,0,0,0,0,0,0,0,5.55111512312592e-17,0,1,0,0,0.999999999999997,0.000860342642537004,0,0,0.9999999999997,0.999999999999999,0,0,0,1,0,2.17603712826536e-14,0,0,0,6.38378239159481e-15,1,0,0,1.66533453693778e-16,1,0,0,0.999999992508337,1.11022302462518e-16,0,0,0,0,7.77156117237629e-16,1,0,0,0,0,1.00641717182273e-13,0.00594215000825469,1.11022302462518e-16,0,1.3071989816538e-05,1.11022302462518e-16,0,0,0,1.07014709294087e-05,0,0,5.55111512312592e-17,0,0,0.999999999999997,1.7763568394003e-15,0.999999994977978,0.999999999999964,0,0,1,0,0.951708513824585,1,0,0.676228827604979,0,0
1,0,0,0,0,0,0,0,0,0,1,0,0,0.962763286641677,1,0,0,1,0.999999999999997,3.33066907387555e-15,0,0,0,1,0,0,0,0,0,1,0,0,0,0,0,0,0,0,1,1,0,1,0,0,0,0,1,0,0,0,0,1,0,0,0,0,1,0,0,0,0,0.947342599216099,0,0,0,0,6.07473515934502e-11,0,0,0.999999999999981,0,0.999999999985713,1,0,0,0.999999999998462,0,0,2.00950367457158e-14,1,0,0,1,2.22044604925037e-16,0,0,0,0,0,0,0,2.77555756156296e-16,0,1,0,0,0.999999999999999,1.98174809895595e-14,0,0,0.999999999999984,0.99999999999983,0,0,0,1,0,1.80549353245856e-10,0,0,0,9.30366894635905e-14,0.999999999999998,0,0,2.22044604925037e-16,1,0,0,0.999999999992754,0,0,0,0,0,4.10782519111318e-15,0.999999999999998,0,0,0,0,0.0101645398795832,0.999998821566028,0,0,0.99985107198008,0,0,0,0,2.04281036531034e-14,0,0,4.44089209850074e-16,5.55111512312592e-17,0,0.999999999999999,5.55111512312592e-17,4.27780441969461e-06,0.999999999999999,0,0,1,0,0.999999999999977,1,0,0.999999999999829,0,0
1,0,0,0,0,0,0,0,0,0,1,0,0,0.999999999999997,1,1,0,1,0.999999999999907,1.11022302462518e-16,0,0,0,1,0,0,0,0,0,1,1.28230759344209e-14,0,0,0,0,0,0,0,1,0.999999999999954,0,1,0,0,0,0,1,0,0,0,0,1,0,0,0,0,1,0,0,0,0,0.0894900532264696,0,0,0,0,1.67404978768108e-10,0,0,0.94470742851653,0,0.999999999996712,1,0,0,0.99999999984878,0,0,7.92612642186461e-11,1,0,0,1,2.77555756156296e-16,0,0,0,0,0,0,0,2.66453525910044e-15,0,1,0,0,1,3.88578058618815e-16,0,0,0.999999999999997,4.19564246562653e-05,0,0,0,1,0,0.999980962853999,0,5.55111512312592e-17,0,1.6423151727452e-10,0.999999999997831,0,0,4.44089209850074e-16,1,0,0,0.999999999999383,0,0,0,0,0,3.66373598126311e-14,0.999999999993261,0,0,0,0,0.999999999999418,0.999999999936696,0,0,0.999999999448566,0,0,0,0,5.55111512312592e-16,0,0,1.29340982368834e-14,7.77156117237629e-16,0,1,0,2.23154827949662e-14,1,0,0,1,0.999999999999919,1,1,0,0.999999999999998,0,0
1,0,0,0,0,0,0,0,0,0,1,0,0,1,1,1,0,1,0.999936511582915,0,0,0,0,1,0,0,0,0,0,1,6.08402217494601e-14,0,0,0,0,0,0,0,1,3.86240003312231e-05,0,1,0,0,0,0,1,0,0,0,0,1,0,0,0,0,1,0,0,0,5.55111512312592e-17,0.00495932894900132,0,0,0,0,4.88896756412073e-10,0,0,3.46389583683058e-14,0,0.99999999999886,1,0,0,0.999989913243974,0,0,0.999845441226273,0.999999999999998,0,0,0.999999999999998,2.77555756156296e-16,0,0,0,0,0,0,0,6.60582699651985e-14,0,1,0,0,1,5.55111512312592e-17,0,0,0.999999999999999,1.52655665885963e-14,0,0,0,0.999999999999996,0,0.99999999999982,0,8.27116153345763e-15,0,0.0155195057845357,9.04291308501138e-10,0,0,1.38777878078148e-15,1,0,0,0.999999999999661,0,0,0,0,0,5.54789547635451e-12,1.84289028482003e-10,0,0,0,0,0.999999999999997,0.999999999998464,0,0,0.999999999996569,0,0,0,0,5.55111512312592e-17,0,0,1.72319414293303e-08,2.43305375846609e-13,0,1,0,6.66133814775111e-16,1,0,0,1,0.999999999999999,1,1,0,1,0,0
1,0,0,0,0,0,0,0,0,0,1,0,0,1,1,1,0,1,3.45462547457496e-12,0,0,0,0,1,0,0,0,0,0,1,3.06948355621736e-11,0,0,0,0,0,0,5.55111512312592e-17,1,7.16093850883244e-15,0,1,0,0,0,0,1,0,0,0,0,1,0,0,0,0,0.999999999999999,0,0,0,1.27675647831896e-15,0.00154252116787461,0,0,0,0,1.55377666288818e-09,0,0,4.44089209850074e-16,0,0.999999999999506,0.999999999999969,0,0,0.00115460146163568,0,0,0.999999999999707,0.999999941174379,0,0,0.99999999999766,3.33066907387555e-16,0,0,0,0,0,0,0,8.06062567249042e-08,0,1,0,0,1,0,0,0,1,3.33066907387555e-16,0,0,0,0.999999999994434,0,0.999999999999996,0,0.996305069983417,0,0.999999681492695,4.2188474935757e-15,0,0,7.16093850883244e-15,1,0,0,0.999999999999346,0,0,0,0,0,7.36297145198535e-06,3.66373598126311e-15,0,0,0,0,1,0.999999999999519,0,0,0.999999999999448,0,5.55111512312592e-17,0,0,0,0,0,0.999999999975347,0.999999944378217,0,1,0,5.55111512312592e-17,1,0,0,0.999999999999999,1,1,1,0,1,0,0
1,0,0,0,0,0,0,0,0,0,1,0,0,1,1,1,0,1,4.71844785465703e-15,0,0,0,0,1,0,0,0,0,0,1,0.804841165636422,0,0,0,0,0,0,7.93809462607007e-15,1,1.66533453693778e-16,0,1,0,0,0,0,1,0,0,0,0,1,0,0,0,0,0.999999999999998,0,0,0,1.81256121223332e-11,0.00190618571490491,0,0,5.55111512312592e-17,0,5.55999951634703e-09,0,0,5.55111512312592e-17,0,0.999999999999773,0.882604035424673,0,0,2.47848075396468e-10,0,0,0.999999999999995,4.12447853648256e-14,0,0,4.84531137434642e-10,3.88578058618815e-16,0,0,0,0,0,3.33066907387555e-16,0,0.99999998943145,0,1,0,0,1,0,0,0,1,0,0,0,0,5.75494570886918e-08,0,1,0,0.999999999999996,0,0.99999999997447,1.11022302462518e-16,0,0,1.5648593532092e-13,1,0,0,0.999999999992261,0,0,0,0,0,0.999745651550136,1.11022302462518e-16,0,0,0,0,1,0.999999999999459,0,0,0.999999999999595,0,4.44089209850074e-16,0,0,0,0,0,0.999999999999994,0.999999999999994,0,1,0,0,1,0,0,0.999999999999988,1,1,1,0,1,0,0
1,0,0,0,0,0,0,0,0,0,1,0,0,1,1,1,0,1,2.77555756156296e-16,0,0,0,0,1,0,0,0,0,2.22044604925037e-16,1,0.999999999992788,0,0,0,0,0,0,0.998106511982344,1,0,0,1,0,0,0,0,1,0,0,0,0,1,0,0,0,0,0.999999999999995,0,0,0,0,0.00697499588448986,0,0,3.33066907387555e-16,0,2.33479234279527e-08,0,0,0,0,0.999999999999903,4.91273688396644e-14,0,0,2.60735877333225e-13,0,0,1,3.33066907387555e-16,0,0,3.83026943495689e-15,4.99600361081333e-16,0,0,0,0,0,1.82298620643455e-13,0,0.999999999999953,0,1,0,0,1,0,0,0,1,0,0,0,0,1.05471187339393e-14,0,1,0,1,0,0.999999999999166,0,0,0,5.04173042203972e-08,1,0,0,0.999999994320092,0,0,0,0,0,0.999999999351938,0,0,0,0,0,0.999999999999575,0.999999999997923,0,0,0.999999999998996,0,5.05151476204459e-15,0,0,0,5.55111512312592e-17,0,1,1,0,1,0,0,1,0,0,0.999999999072356,1,1,1,5.55111512312592e-17,1,1.66533453693778e-16,0
1,0,0,0,0,0,0,0,0,0,1,0,5.55111512312592e-17,0.999999999999998,1,1,0,1,5.55111512312592e-17,0,0,0,0,1,0,0,0,0,1.18405285576276e-13,1,0.999999999999971,0,0,0,0,0,0,0.999999999999997,1,0,0,1,0,0,0,0,1,0,0,0,0,1,0,0,0,0,0.999999999999989,0,0,0,0,0.0587822215714455,0,0,2.7200464103317e-15,0,1.22542620051294e-07,0,0,0,0,0.999999999999962,6.10622663543852e-16,0,0,1.9262369477247e-14,0,0,1,0,0,0,1.11022302462518e-16,5.55111512312592e-16,0,0,0,0,1.11022302462518e-16,0.999999999889241,0,0.999999999999998,0,1,0,0,1,0,0,0,1,0,0,0,0,2.77555756156296e-16,0,1,0,1,0,0.999999999999699,0,0,0,0.999998927960066,1,0,0,0.98875096223901,0,0,0,0,0,0.999999999996654,0,0,0,0,0,8.95689081492646e-06,0.999999999921233,0,0,0.99999999998455,0,4.94937424377907e-13,0,0,0,4.44089209850074e-16,0,1,1,0,1,0,0,1,0,0,4.84788542642901e-10,1,1,1,9.43689570931407e-16,1,2.94209101525674e-15,0
1,0,0,0,0,0,0,0,0,0,1,0,9.49240686054533e-15,1,1,1,0,1,0,0,0,0,0,1,0,0,0,0,0.99999999999739,1,0.999999999999993,0,0,0,0,0,0,1,1,0,0,1,0,0,0,0,1,0,0,0,0,1,0,0,0,0,0.999999999999976,0,0,0,0,0.498247385978557,0,0,5.04596364692146e-14,0,8.59058793323286e-07,0,0,0,0,0.999999999999987,5.55111512312592e-17,0,0,4.44089209850074e-15,0,0,1,0,0,0,0,7.2164496600637e-16,0,0,0,0,6.66133814775111e-16,0.999999999999998,0,1,0,1,0,0,1,0,0,0,1,0,0,0,0,0,0,1,5.55111512312592e-17,1,0,0.999999999999602,0,0,0,0.999999999999729,0.999999999999997,0,0,4.86735379612314e-07,0,0,0,0,0,0.999999999999447,0,0,0,0,0,1.70419234279966e-14,0.999999750165269,0,0,0.999999989605094,0,0.0140690220062743,0,0,0,6.55031584528859e-15,0,1,1,0,1,0,0,1,0,0,9.38138455808281e-15,0,1,1,2.01172412062083e-13,1,7.50843831554012e-13,0
1,0,0,0,0,0,0,0,0,0,1,0,0.999999429979616,1,1,0.999999999999998,0,1,0,0,0,0,0,1,0,0,0,0,1,1,0.99999999999999,0,0,0,0,0,0,1,1,0,0,1,0,0,0,0,1,0,0,0,5.55111512312592e-17,0.999999999999999,0,0,0,3.33066907387555e-16,0.999999999999955,0,0,0,0,0.952302942074267,0,0,2.8682943797876e-09,0,8.55238240538036e-06,0,0,0,0,0.999999999999996,0,0,0,1.55431223447526e-15,0,0,1,0,0,0,0,8.88178419700148e-16,0,0,0,0,4.94049245958207e-15,1,0,1,0,0.999999999999997,0,0,1,0,0,0,1,0,0,0,0,0,0,1,3.33066907387555e-16,1,0,0.99999999999762,0,0,1.66533453693778e-16,0.999999999999992,0.999999999991088,0,0,3.81267240001658e-12,0,0,0,0,0,0.999999999999537,0,0,0,2.77555756156296e-16,0,4.44089209850074e-16,0.763062061060444,0,1.11022302462518e-16,0.995411628274567,0,0.999999999994515,0,0,0,2.28911334332344e-12,0,1,1,0,1,0,0,1,0,0,3.88578058618815e-16,0,1,1,0.999997990448463,1,0.999400786219018,0
1,0,0,0,0,0,0,0,0,3.88578058618815e-16,1,0,0.999999999999998,1,1,0.999999999999828,0,1,0,0,0,0,0,1,0,0,0,0,1,1,0.999999999999818,0,0,0,0,0,0,1,1,0,0,1,0,0,5.55111512312592e-17,0,1,0,0,0,0.999999999999997,0.999999999999999,0,0,0,9.13158437754214e-14,0.999999999999931,0,0,0,0,0.997535681005466,0,0,0.999995895013642,0,0.000127678209157659,0,0,0,0,0.999999999999999,0,0,0,6.66133814775111e-16,0,0,1,5.55111512312592e-17,0,0,0,1.11022302462518e-15,0,0,0,0,8.45434833252078e-14,1,0,1,0,0.999999999977757,0,0,1,0,0,0,1,0,0,0,0,0,0,1,1.72084568816904e-15,1,0,0.999999999657506,0,0,2.05391259555659e-15,0.999999999999999,6.47304598810921e-10,5.55111512312592e-17,0,5.25690602160025e-14,0,0,0,0,0,0.99999999999839,0,0,0,3.66928709638624e-14,0,5.55111512312592e-17,3.49697583501571e-07,0,1.11022302462518e-15,1.46909079775663e-05,1,0.99999999999999,0,0,0,0.953470927766778,0,0,1,1.11022302462518e-16,1,0,0,1,0,0,5.55111512312592e-17,5.55111512312592e-17,1,0.999999999999999,0.999999999999991,1,0.999999999999939,0
1,0,0,0,0,0,0,0,0,5.57887069874155e-14,1,0,1,1,0.999999999999998,0.00129966480072139,0,1,0,0,0,0,0,1,0,0,0,0,1,1,0.999437178753754,0,0,0,0,0,0,1,1,0,0,1,0,0,5.55111512312592e-17,0,1,0,0,0,1,0.999999999999999,0,0,0,0.999999999327154,0.999999999999917,0,0,0,0,0.999857428247063,0,0,0.999999999999758,0,0.00290326236946866,0,0,0,0,1,0,0,0,3.88578058618815e-16,0,0,1,8.32667268468889e-16,0,0,0,1.38777878078148e-15,0,0,0,0,3.64625829529795e-10,1,0,1,0,3.20105053575056e-12,0,5.55111512312592e-17,1,0,0,0,1,0,0,0,0,0,0,1,1.26010313294958e-14,1,0,0.999958287824496,0,0,1.21458398893995e-13,1,5.10702591327585e-15,1.66533453693778e-16,0,8.60422844084518e-15,0,0,0,0,0,0.999999999931194,0,0,0,0.999986800310115,0,0,9.12991904300521e-12,0,1.7763568394003e-14,9.48453537930074e-11,1,0.999999999999999,0,0,0,0.999999999999389,0,0,1,1.27675647831896e-15,1,0,0,1,0,0,0,2.22044604925037e-16,0.999999999999999,0.999999999999996,1,1,0.999999999999999,0
1,0,0,0,0,0,0,0,0,0.999999863690641,1,0,1,1,0.999999999999984,1.97619698383283e-14,0,1,0,0,0,0,0,1,0,0,0,0,1,1,5.26967358638344e-13,0,0,0,0,0,0,1,1,0,0,1,0,0,3.88578058618815e-16,0,1,0,0,0,1,0.999999999999999,0,0,0,0,0.99999999999992,0,0,0,0,0.9999893439548,0,0,0.999999999999994,0,0.0862017573261019,0,0,0,0,1,0,0,0,2.77555756156296e-16,0,0,1.66533453693778e-16,1.07969189144799e-13,0,0,0,1.88737914186281e-15,0,0,0,0,0.203846404921283,0.999999999999993,0,1,0,9.99200722162666e-16,0,1.66533453693778e-16,0.999999999999997,0,0,0,1,0,0,0,0,0,0,1,4.28990176715171e-13,0.999999999999998,0,0.000206841076310865,0,0,0.00625045356073039,1,1.66533453693778e-16,1.16573417585644e-15,0,2.83106871279422e-15,0,0,0,0,0,0.99999943458496,0,0,0,0.999999999999994,0,0,1.09356967925581e-13,1,1.36448186083275e-10,4.38593605878179e-13,1,1,0,0,0,0.999999999999994,0,0,1,3.33066907387555e-14,1,0,1,1,0,0,0,1.05471187339393e-15,1,0.999999999999962,1,1,1,0
1,0,0,0,0,0,0,0,0,0.999999999999998,1,0,1,1,0.999999999989614,3.33066907387555e-16,0,1,0,0,0,0,0,1,0,0,0,0,1,1,1.88737914186281e-15,0,0,0,0,0,0,1,1,0,0,1,0,0,5.44009282066341e-15,0,1,0,0,0,1,0.999999999999999,0,0,0,0,0.999999999999932,0,0,0,0,0.999998942789408,0,0,0.999999999999999,0,0.793139654116765,0,0,0,0,1,0,0,0,2.22044604925037e-16,0,0,8.88178419700148e-16,0.996891443945539,0,0,0,2.7200464103317e-15,0,0,0,0,0.999999971675958,0.999999995113864,0,1,0,5.55111512312592e-17,0,1.33226762955022e-15,0.999999999998143,0,0,0,1,0,5.55111512312592e-17,0,0,0,0,1,2.34100019924638e-08,0.999999999997566,0,7.74132979941575e-11,0,0,0.999999999999089,1,0,1.63202784619902e-14,0,1.27675647831896e-15,0,0,0,0,0,0.230948332259406,0,0,0,1,0,0,1.57096557984464e-14,1,0.999992790086145,5.8675286851441e-14,1,1,0,0,0,0.999999999999999,0,0,1,6.29307624344671e-08,0.999999999999992,0,1,1,0,0,0,8.10462807976385e-15,1,0.999999999962371,1,1,1,0
1,0,0,0,0,0,0,0,0,1,1,0,1,1,0.00286817733308732,0,0,1,0,0,0,0,0,1,0,0,0,0,1,1,1.11022302462518e-16,0,0,0,0,0,0,1,1,0,0,1,0,0,1.48157153212484e-10,0,1,0,0,0,1,1,0,0,0,0,0.999999999999947,0,0,0,0,0.999999859628695,0,0,1,0,0.994026046134802,0,0,0,0,1,0,0,0,2.22044604925037e-16,0,0,7.2164496600637e-15,0.999999999999918,0,0,0,4.60742555219452e-15,0,0,0,0,0.999999999992141,3.38040706537876e-12,0,1,0,0,0,1.97619698383283e-14,4.07473194075091e-09,0,1.11022302462518e-16,0,0.999999999999996,0,3.33066907387555e-16,0,0,0,0,1,0.961612575655531,8.18699663618381e-10,0,1.48159262636231e-13,0,0,0.999999999999996,1,0,4.39180913858206e-11,0,7.2164496600637e-16,0,0,0,0,0,4.21212644763369e-08,0,0,0,1,0,0,5.32907051820089e-15,1,0.99999999999987,3.26405569239804e-14,1,1,0,0,0,1,0,5.55111512312592e-17,1,0.999999999196898,0.999999999953265,0,1,1,0,0,0,2.88213897192698e-13,1,0.423711377274345,1,1,1,0
1,0,0,0,0,0,0,1.94289029309407e-15,0,1,1,0,1,1,2.0322632465764e-13,0,0,1,0,0,0,0,0,1,0,0,0,0,1,1,0,0,0,0,0,0,0,1,0.999999999999998,0,0,1,0,0,0.999999999996205,0,1,0,0,0,0.999999999999998,1,0,0,0,0,0.99999999999996,0,0,0,0,0.999999975081551,0,0,1,0,0.999840432677724,0,0,0,0,1,0,0,1.11022302462518e-16,2.22044604925037e-16,0,0,2.2087887074918e-13,0.999999999999994,0,0,0,9.49240686054533e-15,0,0,0,0,0.999999999999514,2.55351295663792e-15,0,1,0,0,0,9.30079901984039e-11,4.05231403988192e-15,0,6.66133814775111e-16,0,0.99999999999763,0,3.16413562018178e-15,0,0,0,0,1,0.999999995894707,4.2188474935757e-15,0,1.31561428418084e-14,0,0,1,1,0,0.999757867506896,0,4.99600361081333e-16,0,0,5.55111512312592e-17,0,0,4.62069271733879e-12,0,0,0,1,0,0,3.27515792264429e-15,1,0.999999999999996,5.31241717283151e-14,1,1,0,0,0,1,0,2.22044604925037e-16,0.999999999999992,0.999999999999978,2.59540111624552e-08,0,1,1,0,0,0,2.21848679871078e-07,1,1.82848736152157e-11,1,1,1,0
1,0,0,0,0,0,0,0.00177994164078031,0,1,1,0,1,1,2.77555756156296e-15,0,0,1,0,0,0,0,0,1,0,0,0,0,1,1,0,0,0,0,0,0,0,1,0.999999999999466,0,0,1,0,0,0.999999999999994,0,1,0,0,0,0.999999999997178,1,0,0,0,0,0.99999999999997,0,0,0,0,0.999999994270297,0,0,1,0,0.999994321959714,0,0,0,0,1,0,0,7.2164496600637e-16,2.77555756156296e-16,0,0,1.68674267331252e-08,0.999999999999994,0,0,0,2.78665979180921e-14,0.999999999999982,0,0,0,0.999999999999765,1.11022302462518e-16,0,0,0,0,0,0.999926347231449,1.11022302462518e-16,0,7.49400541622e-15,0,7.62528354902889e-08,0,1.00863761787198e-13,0,0,0,0,0,0.999999999995299,1.11022302462518e-16,0,3.05311331771926e-15,0,0,1,1,0,0.999999999999709,0,3.33066907387555e-16,0,0,6.66133814775111e-16,5.55111512312592e-17,0,1.04305453163536e-13,0,0,0,1,0,0,3.77475828372563e-15,1,1,6.03850303093638e-13,0.999999999999999,1,0,0,1,1,0,8.32667268468889e-16,0.999999839029599,0.999999999999999,1.63202784619902e-14,0,1,1,0,0,0,0.999996060816755,1,0,1,1,1,0
1,0,0,0,0,0,0,0.999999999999995,0,1,1,0,1,1,2.22044604925037e-16,0,0,1,0,0,0,0,0,1,0,0,0,0,1,1,0,0,0,0,0,0,0,1,6.09742639712267e-08,0,0,1,0,0,1,0,1,0,0,0,1.98141059115647e-10,1,0,0,0,0,0.999999999999977,0,0,0,0,0.999999998299707,0,0,1,0,0.999999710481749,0,0,0,0,0.999999999999999,0,0,1.06581410364018e-14,3.33066907387555e-16,0,0,0.989890410853761,0.99999999999991,0,1.11022302462518e-16,0,1.7369439220261e-13,1,0,0,0,0.999999999999611,0,0,0,0,0,0,0.999999999999766,0,0,1.21908039218968e-12,0,8.38218383592014e-15,0,1.06803552363258e-06,0,0,0,0,0,0.999999999999544,0,0,1.05471187339393e-15,0,0,0.999999999999994,1,0,0.999999999999995,0,2.22044604925037e-16,0,0,1.55986334959838e-14,1.16573417585644e-15,0,1.74860126378467e-14,0,0,0,1,0,0,9.32587340685155e-15,1,1,2.41931273348157e-08,0.999999999999922,1,0,0,1,1,0,4.27435864480696e-15,5.8897331456366e-13,1,6.10622663543852e-16,0,1,0.999999999999998,0,0,0,0.999999999999068,0.999999999999999,5.55111512312592e-17,1,0.999999999999998,1,0
1,0,0,0,0,0,0,1,0,1,1,0,1,1,0,0,0,1,0,0,0,0,0,1,0,0,0,0,1,0.999999999999998,0,0,0,0,0,0,0,1,6.9388939039074e-15,0,0,1,0,0,1,0,1,0,0,0,3.27515792264429e-15,1,0,0,0,0,0.999999999999982,0,0,5.55111512312592e-17,0,0.999999999372177,0,0,1,0,0.999999978818252,0,0,0,0,0.999999999999849,0,0,1.03400066286954e-11,3.88578058618815e-16,0,0,0.999999998778033,0.999339634176247,0,8.88178419700148e-16,0,8.31251734112491e-12,1,0,0,0,0.999999999996553,0,0,0,0,0,0,0.999999999999995,0,0,0.108094832402325,0,2.22044604925037e-16,0,0.999999998767717,0,0,0,0,0,0.999999999999731,0,0,4.44089209850074e-16,0,0,0.999999997434941,1,0,0.999999999999999,0,1.66533453693778e-16,0,0,4.44295789048266e-09,3.47650241927519e-11,0,5.32907051820089e-15,0,0,5.55111512312592e-17,1,0,0,9.08162434143401e-14,1,1,0.999988679455589,0.00641891677867234,1,0,0,1,1,0,3.58046925441622e-14,1.55431223447526e-15,1,5.55111512312592e-17,0,1,0.999999999999983,0,0,0,0.999999999999984,0.999999999999934,1.11022302462518e-16,1,0.999999999999984,1,0
1,0,0,0,0,1.2212453270877e-15,0,1,0,1,1,0,0.999999999999999,1,0,0,0,1,0,0,0,0,0,1,0,0,0,0,1,0.999999999998749,0,0,0,0,0,0,0,1,1.66533453693778e-16,0,0,1,0,0,1,0,1,0,0,0,1.11022302462518e-16,1,0,0,0,0,0.999999999999985,0,0,2.77555756156296e-16,0,0.999999999728126,0,0,1,0,0.999999997864543,0,0,0,5.55111512312592e-17,0.00268467173098892,0,0,0.994942363140823,4.99600361081333e-16,0,0,0.999999999997062,2.73780997872571e-13,0,1.0269562977783e-14,0,4.24978513491336e-08,1,0,0,0,0.999999998476914,0,0,0,0,0,0,1,0,0,0.999999999995558,0,0,0,0.999999999999968,0,0,7.2164496600637e-16,0,0,0.999999999999451,0,0,2.77555756156296e-16,0,0,3.56481510976901e-12,1,0,1,0,1.66533453693778e-16,0,0,0.999999999574902,0.999999999999546,0,1.99840144432533e-15,0,0,1.11022302462518e-16,1,0,0,1.32367516947344e-09,0.99999999999997,1,0.999999999999725,2.46469511466791e-14,1,0,0,1,1,0,3.76276787505968e-12,5.55111512312592e-17,1,0,0,0.999999999999991,0.999999999995956,0,0,0,0.999999999999998,0.000599904606652062,6.10622663543852e-16,1,0.999999999998765,1,0
1,0,0,7.2164496600637e-16,0,4.51990308086858e-06,5.55111512312592e-17,1,0,0.99999999999852,1,0,0.999999999990276,1,0,0,0,1,0,0,0,0,0,1,0,0,0,5.55111512312592e-17,1,1.9310425825037e-07,0,0,0,0,0,0,0,1,0,0,0,1,0,0,1,0,1,0,0,5.55111512312592e-17,0,1,0,0,0,0,0.999999999999988,0,0,2.10942374678785e-15,0,0.999999999868593,0,0,1,0,0.999999999714048,0,0,0,1.66533453693778e-16,4.103939410527e-13,0,0,1,5.55111512312592e-16,0,0,0.999999999999531,1.55431223447526e-15,0,3.72585295949089e-12,0,0.0758191001641855,1,0,0,0,0.997721335948746,0,0,0,0,5.55111512312592e-17,0,1,0,0,0.999999999999989,0,0,0,0.999999999999998,0,0,1.77364234410509e-11,0,0,0.999999999992649,0,0,2.22044604925037e-16,0,0,2.38697950294415e-15,1,0,1,0,1.11022302462518e-16,1,0,0.999999999999988,0.999999999999999,0,8.88178419700148e-16,0,0,4.99600361081333e-16,1,0,0,0.999973450074526,0.947948656234292,1,0.999999999999995,4.44089209850074e-16,1,1.11022302462518e-16,0,1,1,0,1.01438694338765e-06,0,1,0,0,0.999998762743057,0.963691949315437,0,0,0,1,1.45994327738212e-14,3.83026943495689e-15,1,0.999976050467302,1,0
1,0,0,7.64721619361827e-13,0,0.999999999999993,1.25455201782646e-14,1,0,0.999999999999995,1,0,9.94593296610472e-13,1,0,0,0,1,0,0,0,0,0,1,0,0,0,7.16093850883244e-15,1,1.07691633388643e-14,0,0,0,0,0,0,0,1,0,0,0,1,0,0,0.999999999999999,0,1,0,0,1.11022302462518e-16,0,1,0,0,0,0,0.99999999999999,0,0,2.78110867668609e-14,0,0.99999999993143,0,0,0.999999999999993,0,0.999999999950028,0,0,0,1.11022302462518e-15,3.30846461338305e-14,0,0,1,6.66133814775111e-16,0,0,0.999999999999556,1.11022302462518e-16,0,0.805453981947335,0,0.999997299602897,1,0,0,0,1.04357454294715e-06,0,0,0,0,5.77315972805096e-15,0,1,0,0,0.999999999999999,0,0,0,1,0,0,0.99999999999988,0,0,0.999999992488436,0,0,1.66533453693778e-16,0,0,1.11022302462518e-16,1,0,1,0,1.11022302462518e-16,1,0,0.999999999999999,1,0,4.44089209850074e-16,0,0,2.33146835171289e-15,0.999999999999998,0,0,0.999999999999746,5.62883073484969e-14,1,0.999999999999999,5.55111512312592e-17,1,7.32747196252622e-15,0,1,1,0,0.984248474363927,0,1,0,0,1.91457960596613e-13,3.41523476166125e-11,0,0,0,1,2.77555756156296e-16,5.67323965583469e-14,1,2.4352401262196e-08,1,5.55111512312592e-17
1,0,0,0.999999999994037,0,1,0.999999977888352,0.99999999999998,0,1,0.999999999999999,0,7.2164496600637e-16,1,0,0,0,1,0,0,0,0,0,1,0,0,0,1,1,2.77555756156296e-16,0,0,0,0,0,0,0,1,0,0,0,1,0,0,0.999999999999641,0,1,0,0,3.33066907387555e-16,0,1,0,0,0,0,0.999999999999992,0,0,5.24981724758802e-11,0,0.999999999962421,0,0,0.999999364312006,0,0.999999999988654,0.597681857335784,0,0,1.34336985979647e-14,6.88338275267614e-14,0,0,1,8.32667268468889e-16,0,0,0.999999999997969,0,0,0.999999999998402,0,0.999999999902978,1,0,0,0,3.65468766361241e-12,0,0,0,0,0.7178876314636,0,1,0,0,1,0,0,0,1,0,0,1,0,0,0.977766116273546,0,0,1.66533453693778e-16,0,0,0,0.999999999999994,0,1,0,1.66533453693778e-16,1,0,1,1,0,2.77555756156296e-16,1,0,1.58761892521401e-14,0.99999999998607,0,0,0.999999999999995,6.66133814775111e-16,1,1,0,1,4.05202492987932e-05,0,1,1,0,0.999999946399869,0,1,0,0,8.88178419700148e-16,5.55111512312592e-17,0,0,0,1,0,3.70004138439138e-10,1,1.51545442861338e-13,1,1.83186799063155e-15
1,0,0,0.999999999999999,0,1,0.999999999999999,0.984246188646258,0,1,0.999999999999993,0,0,1,0,0,0,1,0,0,0,0,0,1,0,0,0,1,1,0,0,0,0,0,0,0,1,1,0,0,0,1,0,0,7.12566838867464e-09,0,1,0,0,1.27675647831896e-15,0,1,0,0,5.55111512312592e-17,0,0.999999999999993,0,0,0.915838980277428,0,0.999999999978848,0,0,1.80522263804055e-13,0,0.999999999996636,0.999999999999992,0,0,5.88695758807504e-12,2.16151541110326e-11,0,0,1,9.99200722162666e-16,0,0,0.999999999813223,0,0,0.999999999999992,0,0.999999999999381,1,0,0,0,4.18554080283695e-14,0,0,0,1.11022302462518e-16,0.999999999999993,0,1,0,0,1,0,0,0,1,0,5.55111512312592e-17,1,0,0,2.93094218895014e-07,0,0,1.66533453693778e-16,0,0,0,0.999999999990843,0,1,0,3.88578058618815e-16,1,0,1,1,0,2.77555756156296e-16,1,0,5.25191001798944e-13,8.18170531324845e-11,0,0,0.999999999999999,5.55111512312592e-17,1,1,0,1,0.999999999999946,0,0.999999999999998,1,0,0.999999999863553,1,1,0,0,5.55111512312592e-17,7.2164496600637e-16,0,0,0,1,0,0.991857802017419,1,5.88418203051348e-15,1,2.33218999667889e-12
1,0,0,1,5.55111512312592e-17,1,1,1,0,1,0.999999999999845,0,0,1,0,0,0,1,0,0,0,0,0,1,0,0,0,1,1,0,0,0,0,0,0,0,1,1,0,0,0,1,0,0,4.27435864480696e-15,0,1,0,0,6.32827124036355e-15,0,1,0,0,2.22044604925037e-16,0,0.999999999999994,0,0,0.999999999983455,0,0.999999999988019,0,0,8.32667268468889e-16,0,0.999999999998727,1,0,0,3.71924713249437e-15,0.0937764213344161,0,0,0.999999999999999,1.16573417585644e-15,0,0,0.999988422425611,0,0,0.999999999999999,0,0.999999999999941,1,0,0,0,5.88418203051348e-15,0,0,0,4.99600361081333e-16,1,0,1,0,0,1,0,0,0,1,0,1.11022302462518e-16,1,0,0,3.29436478097031e-12,0,0,1.66533453693778e-16,0,0,0,8.85959068885911e-08,0,1,0,1.16573417585644e-15,1,0,0,1,0,3.88578058618815e-16,1,0,1.60471204657679e-08,3.38618022510681e-15,0,0,1,0,1,1,0,1,1,0,0.999999999998578,1,3.33066907387555e-16,0.999999999986156,1,1,0,0,0,3.10307335382739e-14,0,0,0,1,0,0.999999999993139,1,1,1,0.999999998987817
1,0,0,1,1.53210777398275e-14,0.999999999999999,1,1,0,1,0.999999868685177,0,0,1,0,0,0,1,0,0,0,0,0,1,0,0,3.33066907387555e-16,1,1,0,0,0,0,0,0,0,1,1,0,0,0,1,0,0,1.11022302462518e-16,0,1,0,0,9.45354905468345e-14,0,1,0,0,1.11022302462518e-15,0,0.999999999999994,0,0,0.999999999999962,0,0.999999999993276,0,0,5.55111512312592e-17,0,0.9999999999994,1,0,0,4.02455846426629e-14,0.999999999387945,0,0,0.999999999999905,1.33226762955022e-15,0,0,0.000799680971664794,0,0,1,0,0.999999999999985,0.999999999999966,0,0,0,1.498801083244e-15,0,0,0,3.21964677141304e-15,1,0,1,6.10622663543852e-16,0,1,0,0,0,1,0,5.55111512312592e-16,1,0,0,4.87943019322769e-14,0,0,1.66533453693778e-16,0,0,0,1.38222766565835e-14,0,1,0,5.77315972805096e-15,1,0,5.55111512312592e-17,1,0,9.99200722162666e-16,1,1.11022302462518e-16,0.830389103500136,1.11022302462518e-16,0,0,1,0,1,1,0,1,1,0,1.6961439863739e-08,1,2.91988655476424e-14,0.99999999999289,1,1,0,0,0,8.19169445916999e-05,0,0,0,1,0,0.999999999999976,1,1,0.999999999999999,0.999999999999996
1,0,0,1,0.99999999805015,0.999999999999323,1,1,0,1,2.41969047576346e-08,0,0,1,0,0,0,1,0,0,0,0,0,1,0,0,5.94524429686786e-14,1,1,0,0,0,0,0,0,0,1,1,0,0,0,1,0,0,0,0,1,0,0,7.1481111307838e-08,0,1,0,0,8.21565038222637e-15,0,0.999999999999995,0,0,0.999999999999996,0,0.999999999996265,0,0,0,0,0.999999999999658,1,0,0,1.84764425981148e-11,0.999999999999126,0,0,2.12185636053746e-05,1.60982338570652e-15,0,0,1.34934619033803e-10,0,0,1,0,0.999999999999995,0.715968926530701,0,0,0,4.99600361081333e-16,0,0,0,3.67483821150936e-14,1,0,1,9.01700936140082e-12,0,1,0,0,0,1,0,3.21964677141304e-15,1,0,0,7.38298311375748e-15,0,0,1.66533453693778e-16,0,0,0,4.44089209850074e-16,0,1,0,1.03528297046298e-13,1,0,2.77555756156296e-16,1,0,4.60742555219452e-15,1,7.77156117237629e-16,0.999999980335389,0,0,0,1,0,1,1,0,1,1,0,6.77236045021363e-15,1,0.989911250496615,0.999999999991242,1,1,0,0,0,0.999999999999325,0,0,0,1,0,0.999999999999997,0.999999999999999,3.33066907387555e-16,0.999999999999993,1
1,0,0,1,0.999999999999999,6.42481401413891e-10,1,1,0,1,4.62963001268702e-14,0,0,1,0,0,0,1,0,0,0,0,0,1,0,0,0.999999992880494,0.999999999999999,1,0,0,0,0,0,0,0,1,1,0,0,0,1,0,0,0,0,1,0,0,0.999999999825928,0,1,0,0,1.87572180010425e-13,0,0.999999999999995,0,0,0.999999999999999,0,0.999999999997934,0,0,0,0,0.999999999999771,1,0,0,0.00134960901650048,0.999999999998478,0,0,1.03250741290142e-14,1.94289029309407e-15,0,0,1.64646074551915e-13,0,0,1,0,0.999999999999998,4.18554080283695e-14,0,0,0,2.22044604925037e-16,0,0,0,1.48186463100334e-11,1,0,1,0.999999999999838,0,1,0,0,0,1,0,3.05311331771926e-14,1,0,0,2.05391259555659e-15,0,0,1.66533453693778e-16,0,0,0,5.55111512312592e-17,0,1,0,1.1926116760819e-08,0.999999999999996,5.55111512312592e-17,1.27675647831896e-15,1,0,6.67244037799736e-14,1,1.0269562977783e-14,0.999999999987569,0,0,0,1,0,1,1,0,0.999999999999998,1,0,1.66533453693778e-16,1,0.999999999999986,0.999999999983021,1,1,0,0,0,0.999999999999997,0,0,0,1,0,1,0.999999999999598,5.55111512312592e-17,0.999999999999851,1
1,0,0,1,1,0,1,1,0,1,1.7763568394003e-15,0,0,1,0,0,0,1,0,0,0,0,0,1,0,0,0.999999999999998,0.999999999999842,1,0,0,0,0,0,0,0,0.999999999999992,1,0,0,0,1,0,0,0,0,1,0,0,0,0,1,0,0,2.78042655565976e-09,0,0.999999999999996,0,0,1,0,0.999999999998855,0,0,0,0,0.999999999999829,1,0,0,0.999999715509377,0.999999961444412,0,0,2.22044604925037e-16,2.33146835171289e-15,0,0,1.30451205393459e-14,0,0,1,0,0.999999999999999,5.55111512312592e-16,0,0,0,1.11022302462518e-16,0,0,0,0.000425720975095978,0.999999999999995,0,5.55111512312592e-17,1,0,1,0,1.11022302462518e-16,0,1,0,5.29809529581384e-12,0.999999999999998,0,0,7.77156117237629e-16,0,0,1.66533453693778e-16,0,0,0,0,0,1,0,0.99999779730716,0.999999999936299,4.99600361081333e-16,7.49400541622e-15,0.999999999999998,0,3.41477102150387e-09,1,5.86897197507611e-12,0.999999999999124,0,0,0,1,0,1,1,0,0,1,0,0,1,1,0.999999999975251,1,1,0,0,0,1,0,0,0,1,0,1,7.27709821291019e-08,1,0.999999993553579,1
1,0,0,1,1,0,1,1,0,1,1.66533453693778e-16,0,0,1,0,0,0,1,0,0,0,0,0,1,0,0,1,1.96863336743296e-09,1,0,0,0,0,0,0,0,0.999002622991853,1,0,0,0,1,0,0,0,0,1,0,0,0,0,1,0,0,0.918255518018007,0,0.999999999999996,0,0,1,0,0.999999999999352,0,0,0,0,0.999999999999866,0.999999999999999,0,0,0.99999999999193,4.54073770250763e-08,0,0,0,2.88657986402548e-15,0,0,2.88657986402548e-15,0,0,1,0,1,5.55111512312592e-17,0,5.55111512312592e-17,0,1.11022302462518e-16,0,0,0,0.999997967101279,0.999999999686391,0,3.33066907387555e-16,1,0,1,0,1.0491607582708e-14,0,1,0,2.11535072512375e-05,0.999999999996397,0,0,3.33066907387555e-16,0,0,1.66533453693778e-16,0,0,0,0,0,1,0,0.999999999999762,5.40220090883295e-11,5.32907051820089e-15,1.10300657496512e-13,0.999999999996023,0,0.999996782588203,1,0.970438569962308,0.999999999999533,0,0,0,1,0,1,1,0,0,1,0,0,0.999999999999997,1,0.999999999988529,0.999999999999997,1,0,0,0,1,0,5.55111512312592e-17,0,1,0,1,6.71684929898237e-15,1,0.000295688021822012,1
1,0,0,1,1,0,1,1,0,1,0,0,0,1,0,0,0,1,0,0,0,0,0,1,0,0,1,2.16493489801911e-15,1,0,0,0,0,0,0,5.55111512312592e-17,2.33701946683601e-14,1,0,0,0,1,0,0,0,0,1,0,0,0,0,1,0,0,0.99999999986914,0,0.999999999999996,0,0,1,0,0.999999999999619,0,0,0,0,0.9999999999999,0.99999999999996,0,0,0.999999999999751,2.31481500634351e-14,0,0,0,3.60822483003185e-15,0,0,8.88178419700148e-16,0,0,1,0,1,0,0,0,0,5.55111512312592e-17,0,0,0,0.999999999961806,1.42283407278402e-11,0,1.83186799063155e-15,1,0,1,0,0.999979343817005,0,1,0,0.99996701529786,5.45528733297843e-10,0,0,2.22044604925037e-16,0,0,1.66533453693778e-16,1,0,0,0,0,1,0,0.999999999999994,3.66373598126311e-15,4.26436663758533e-13,1.93498328471269e-10,3.47892215035737e-10,0,0.999999999999805,0.999999999999992,0.999999999999104,0.999999999999055,0,0,0,1,0,1,1,0,0,1,0,0,0.999999999999957,1,0.999999999998565,0.999999999981496,1,0,0,0,1,1.11022302462518e-16,7.77156117237629e-16,0,1,0,1,1.66533453693778e-16,1.99840144432533e-15,2.43904896279907e-12,1
1,0,0,1,1,0,1,1,0,1,0,0,0,1,0,0,0,1,0,0,0,0,0,1,0,0,1,5.55111512312592e-17,1,0,0,0,0,0,0,3.88578058618815e-16,2.22044604925037e-16,1,0,0,0,1,0,0,0,0,1,0,0,0,0,1,0,0,0.999999999999946,0,0.999999999999996,0,0,1,0,0.999999999999763,0,0,0,0,0.999999999999936,0.485903324013708,0,0,0.999999999999916,6.66133814775111e-16,0,0,0,4.71844785465703e-15,0,0,3.88578058618815e-16,0,0,1,0,1,0,0,0,0,5.55111512312592e-17,0,0,0,0.999999999999239,3.10862446895052e-15,0,1.498801083244e-14,1,0,1,0,0.999999999999997,0,1,0,0.99999999985789,4.2188474935757e-15,0,0,1.66533453693778e-16,0,0,2.77555756156296e-16,1,0,0,0,0,1,0,0.999999999999999,1.11022302462518e-16,0.00213364188321541,0.0100460095083473,3.88578058618815e-15,0,0.999999999999995,0.999999923345105,0.999999999999993,0.999999999989057,0,0,0,1,0,0.999999999999999,1,0,5.55111512312592e-17,1,0,0,0.999999999089204,1,0.999999999999893,1.18156040507248e-10,1,0,0,0,5.66213742558844e-15,4.82947015711955e-15,2.23709939461975e-14,0,1,0,1,0,1.66533453693778e-16,1.76525460915404e-14,1
